Slug,FactID,File,HostedUrl
trickortreat,HAL-008,FINAL-trickortreat.mp4,https://database.blotato.io/storage/v1/object/public/public_media/5472a21c-0213-4305-8693-b19295e4d67e/e3ff6b99-2576-438d-973b-a86376d44dee.mp4
turnip,HAL-002,FINAL-turnip.mp4,https://database.blotato.io/storage/v1/object/public/public_media/5472a21c-0213-4305-8693-b19295e4d67e/59c775d0-67f6-4b12-869a-4ef33aa6ece7.mp4
snick,HAL-015,FINAL-snick.mp4,https://database.blotato.io/storage/v1/object/public/public_media/5472a21c-0213-4305-8693-b19295e4d67e/7dbd793c-0fe3-47e5-8efa-a07d0d371c2b.mp4
afraidark,HAL-011,FINAL-afraidark.mp4,https://database.blotato.io/storage/v1/object/public/public_media/5472a21c-0213-4305-8693-b19295e4d67e/24b21333-ca41-4507-9272-9ce711669ae6.mp4
gb-paperbacks,HAL-014,FINAL-gb-paperbacks.mp4,https://database.blotato.io/storage/v1/object/public/public_media/5472a21c-0213-4305-8693-b19295e4d67e/df0b933e-e59b-42c0-a52c-494bcc45f264.mp4
gb-fort,HAL-014,FINAL-gb-fort.mp4,https://database.blotato.io/storage/v1/object/public/public_media/5472a21c-0213-4305-8693-b19295e4d67e/5cdbc7b5-774b-4219-a167-10a4c743fd3e.mp4
casper,HAL-012,FINAL-casper.mp4,https://database.blotato.io/storage/v1/object/public/public_media/5472a21c-0213-4305-8693-b19295e4d67e/8106a27f-60d0-41ba-a7fc-d06815dfc0fb.mp4
nbc-theater,HAL-010,FINAL-nbc-theater.mp4,https://database.blotato.io/storage/v1/object/public/public_media/5472a21c-0213-4305-8693-b19295e4d67e/b26e6f3a-2267-432d-842c-2ac99b2c1f3b.mp4
nbc-cemetery,HAL-010,FINAL-nbc-cemetery.mp4,https://database.blotato.io/storage/v1/object/public/public_media/5472a21c-0213-4305-8693-b19295e4d67e/18870ce2-8486-49df-9015-517c70f50602.mp4
mare-bedroom,HAL-017,FINAL-mare-bedroom.mp4,https://database.blotato.io/storage/v1/object/public/public_media/5472a21c-0213-4305-8693-b19295e4d67e/89a0a844-57c9-4684-b4ea-0693e441e5f1.mp4
mare-nightstand,HAL-017,FINAL-mare-nightstand.mp4,https://database.blotato.io/storage/v1/object/public/public_media/5472a21c-0213-4305-8693-b19295e4d67e/0d48faf3-12cc-4951-a900-e7b208bc006e.mp4
coffinbell,HAL-005,FINAL-coffinbell.mp4,https://database.blotato.io/storage/v1/object/public/public_media/5472a21c-0213-4305-8693-b19295e4d67e/e6925be5-2d88-43a6-90e3-08e17f88bbca.mp4
lugnano,HAL-018,FINAL-lugnano.mp4,https://database.blotato.io/storage/v1/object/public/public_media/5472a21c-0213-4305-8693-b19295e4d67e/e3dabeff-51c5-4806-89c8-0c182aa5ea96.mp4
samhain,HAL-001,FINAL-samhain.mp4,https://database.blotato.io/storage/v1/object/public/public_media/5472a21c-0213-4305-8693-b19295e4d67e/cb8ece67-05e0-4138-aa55-0b2e702dbe7f.mp4
hocus-cesa,HAL-009,GM-hocus-pocus-cesa.mp4,https://database.blotato.io/storage/v1/object/public/public_media/5472a21c-0213-4305-8693-b19295e4d67e/d6632add-0f3c-44ac-8573-71037a65b12c.mp4
winchester-cesa,HAL-016,GM-winchester-cesa.mp4,https://database.blotato.io/storage/v1/object/public/public_media/5472a21c-0213-4305-8693-b19295e4d67e/42f61b5a-5ab0-4165-92ad-12fce9bad127.mp4
gb-rack,HAL-014,FINAL-gb-rack.mp4,https://database.blotato.io/storage/v1/object/public/public_media/5472a21c-0213-4305-8693-b19295e4d67e/b6ce81de-93ca-46d8-bbd8-b901dadb979c.mp4
gb-bike,HAL-014,FINAL-gb-bike.mp4,https://database.blotato.io/storage/v1/object/public/public_media/5472a21c-0213-4305-8693-b19295e4d67e/1d19d8c8-10a2-48eb-9f90-e6121f6d12d9.mp4
nbc-crt,HAL-010,FINAL-nbc-crt.mp4,https://database.blotato.io/storage/v1/object/public/public_media/5472a21c-0213-4305-8693-b19295e4d67e/95bf6cb5-08f6-4d0d-b67d-89142c6c5f73.mp4
nbc-oak,HAL-010,FINAL-nbc-oak.mp4,https://database.blotato.io/storage/v1/object/public/public_media/5472a21c-0213-4305-8693-b19295e4d67e/631c061c-94ce-4685-8630-a154d5d08a3d.mp4
mare-rocking,HAL-017,FINAL-mare-rocking.mp4,https://database.blotato.io/storage/v1/object/public/public_media/5472a21c-0213-4305-8693-b19295e4d67e/bf73ffda-5994-4c4f-b60a-10e1344a7ccc.mp4
mare-weighted,HAL-017,FINAL-mare-weighted.mp4,https://database.blotato.io/storage/v1/object/public/public_media/5472a21c-0213-4305-8693-b19295e4d67e/55bdef6b-d84e-44d9-bb4b-0fa9097bed6d.mp4
hocus-bed,HAL-009,FINAL-hocus-bed.mp4,https://database.blotato.io/storage/v1/object/public/public_media/5472a21c-0213-4305-8693-b19295e4d67e/6ac00592-cbcd-4540-92ea-67b3766b4909.mp4
winchester-bed,HAL-016,FINAL-winchester-bed.mp4,https://database.blotato.io/storage/v1/object/public/public_media/5472a21c-0213-4305-8693-b19295e4d67e/1e41ed03-8aae-4b96-8748-a66c12d680fb.mp4
trailer,TRL-001,FINAL-trailer.mp4,https://database.blotato.io/storage/v1/object/public/public_media/5472a21c-0213-4305-8693-b19295e4d67e/7e31c633-425b-420d-b3a5-6545589d1ffa.mp4
turnip-slide-1,HAL-002,carousels/turnip/slide-1.jpg,https://database.blotato.io/storage/v1/object/public/public_media/5472a21c-0213-4305-8693-b19295e4d67e/971b37db-6f7a-439e-8e01-64ad75c585c3.jpg
turnip-slide-2,HAL-002,carousels/turnip/slide-2.jpg,https://database.blotato.io/storage/v1/object/public/public_media/5472a21c-0213-4305-8693-b19295e4d67e/5beabe46-ca6a-46cd-a47e-aa937d0fc3e6.jpg
turnip-slide-3,HAL-002,carousels/turnip/slide-3.jpg,https://database.blotato.io/storage/v1/object/public/public_media/5472a21c-0213-4305-8693-b19295e4d67e/0e0b4a9f-8b16-459b-9c13-10777b307484.jpg
turnip-slide-4,HAL-002,carousels/turnip/slide-4.jpg,https://database.blotato.io/storage/v1/object/public/public_media/5472a21c-0213-4305-8693-b19295e4d67e/492087e6-dd85-43cd-a249-fc8da87728c5.jpg
turnip-slide-5,HAL-002,carousels/turnip/slide-5.jpg,https://database.blotato.io/storage/v1/object/public/public_media/5472a21c-0213-4305-8693-b19295e4d67e/b325ee70-f4fd-467a-b4c5-e8316654a853.jpg
snick-slide-1,HAL-015,carousels/snick/slide-1.jpg,https://database.blotato.io/storage/v1/object/public/public_media/5472a21c-0213-4305-8693-b19295e4d67e/91fa733b-4716-45f4-9099-8aaeb726e96d.jpg
snick-slide-2,HAL-015,carousels/snick/slide-2.jpg,https://database.blotato.io/storage/v1/object/public/public_media/5472a21c-0213-4305-8693-b19295e4d67e/41e89e80-e9d9-45f3-8ebd-4af6fc3f6782.jpg
snick-slide-3,HAL-015,carousels/snick/slide-3.jpg,https://database.blotato.io/storage/v1/object/public/public_media/5472a21c-0213-4305-8693-b19295e4d67e/c803d036-e76e-4bc1-a23a-061f9a65b006.jpg
snick-slide-4,HAL-015,carousels/snick/slide-4.jpg,https://database.blotato.io/storage/v1/object/public/public_media/5472a21c-0213-4305-8693-b19295e4d67e/e6588109-74ac-4cbe-8504-73063d23d62d.jpg
snick-slide-5,HAL-015,carousels/snick/slide-5.jpg,https://database.blotato.io/storage/v1/object/public/public_media/5472a21c-0213-4305-8693-b19295e4d67e/0b6985b7-e897-42d5-a5d3-39f5d97e1204.jpg
slides-turnip,HAL-002,SLIDES-turnip.mp4,https://database.blotato.io/storage/v1/object/public/public_media/5472a21c-0213-4305-8693-b19295e4d67e/60793e34-097a-42e6-ad04-981dc3f4f243.mp4
trackA-hal-003,HAL-003,,https://database.blotato.io/storage/v1/object/public/public_media/5472a21c-0213-4305-8693-b19295e4d67e/d135e026-db63-432e-8f91-4613e186b251.mp4
trackA-hal-004,HAL-004,,https://database.blotato.io/storage/v1/object/public/public_media/5472a21c-0213-4305-8693-b19295e4d67e/61382cad-b1e8-4107-a772-9de73c36ced3.mp4
trackA-hal-006,HAL-006,,https://database.blotato.io/storage/v1/object/public/public_media/5472a21c-0213-4305-8693-b19295e4d67e/4b3c1214-d19b-42ca-b959-a5e6715aadda.mp4
trackA-hal-007,HAL-007,,https://database.blotato.io/storage/v1/object/public/public_media/5472a21c-0213-4305-8693-b19295e4d67e/2acb99e6-c069-4ece-980d-9ed0569ca477.mp4
trackA-hal-020,HAL-020,,https://database.blotato.io/storage/v1/object/public/public_media/5472a21c-0213-4305-8693-b19295e4d67e/1c247fa9-edeb-48aa-a2fe-298efe46722e.mp4
casper-slide-1,HAL-012,carousels/casper/slide-1.jpg,https://database.blotato.io/storage/v1/object/public/public_media/5472a21c-0213-4305-8693-b19295e4d67e/e71eedbe-bcc4-4568-b6b3-5675cd359a14.jpg
casper-slide-2,HAL-012,carousels/casper/slide-2.jpg,https://database.blotato.io/storage/v1/object/public/public_media/5472a21c-0213-4305-8693-b19295e4d67e/f1dcf405-f495-471d-b8bf-5280225e0d1b.jpg
casper-slide-3,HAL-012,carousels/casper/slide-3.jpg,https://database.blotato.io/storage/v1/object/public/public_media/5472a21c-0213-4305-8693-b19295e4d67e/de6a1778-da51-4f1b-86ec-a7469954959e.jpg
casper-slide-4,HAL-012,carousels/casper/slide-4.jpg,https://database.blotato.io/storage/v1/object/public/public_media/5472a21c-0213-4305-8693-b19295e4d67e/b6b18361-19ad-41d8-a564-a5de78dadc24.jpg
casper-slide-5,HAL-012,carousels/casper/slide-5.jpg,https://database.blotato.io/storage/v1/object/public/public_media/5472a21c-0213-4305-8693-b19295e4d67e/65a0fb40-fd5d-4bd7-a85a-a4481c33ec07.jpg
casper-tall-1,HAL-012,carousels/casper/tall-1.jpg,https://database.blotato.io/storage/v1/object/public/public_media/5472a21c-0213-4305-8693-b19295e4d67e/0f0434cb-3a01-4e43-b970-9a35558301a0.jpg
casper-tall-2,HAL-012,carousels/casper/tall-2.jpg,https://database.blotato.io/storage/v1/object/public/public_media/5472a21c-0213-4305-8693-b19295e4d67e/44109050-074f-4fd4-92f3-f654ed78c36e.jpg
casper-tall-3,HAL-012,carousels/casper/tall-3.jpg,https://database.blotato.io/storage/v1/object/public/public_media/5472a21c-0213-4305-8693-b19295e4d67e/59cb0a60-9b01-4a7a-82c2-d40414491227.jpg
casper-tall-4,HAL-012,carousels/casper/tall-4.jpg,https://database.blotato.io/storage/v1/object/public/public_media/5472a21c-0213-4305-8693-b19295e4d67e/772dec35-4817-4aad-967f-27a725f6db0c.jpg
casper-tall-5,HAL-012,carousels/casper/tall-5.jpg,https://database.blotato.io/storage/v1/object/public/public_media/5472a21c-0213-4305-8693-b19295e4d67e/15a9c529-daee-4068-b2fd-a8a7fdf2ed0b.jpg
coffinbell-slide-1,HAL-005,carousels/coffinbell/slide-1.jpg,https://database.blotato.io/storage/v1/object/public/public_media/5472a21c-0213-4305-8693-b19295e4d67e/6144ea1a-2d3d-4f5a-a07a-f63e0de0326b.jpg
coffinbell-slide-2,HAL-005,carousels/coffinbell/slide-2.jpg,https://database.blotato.io/storage/v1/object/public/public_media/5472a21c-0213-4305-8693-b19295e4d67e/ce07d919-514c-4697-b600-c8e3f5d124cc.jpg
coffinbell-slide-3,HAL-005,carousels/coffinbell/slide-3.jpg,https://database.blotato.io/storage/v1/object/public/public_media/5472a21c-0213-4305-8693-b19295e4d67e/9fbcb85f-a72e-4b1b-b31f-7a0333e5224f.jpg
coffinbell-slide-4,HAL-005,carousels/coffinbell/slide-4.jpg,https://database.blotato.io/storage/v1/object/public/public_media/5472a21c-0213-4305-8693-b19295e4d67e/d8cc0592-114b-43d6-a8d4-0ce5b099c80a.jpg
coffinbell-slide-5,HAL-005,carousels/coffinbell/slide-5.jpg,https://database.blotato.io/storage/v1/object/public/public_media/5472a21c-0213-4305-8693-b19295e4d67e/e3de884e-2c71-4495-8ea1-c33332419e91.jpg
coffinbell-tall-1,HAL-005,carousels/coffinbell/tall-1.jpg,https://database.blotato.io/storage/v1/object/public/public_media/5472a21c-0213-4305-8693-b19295e4d67e/376656c7-c773-4b72-8a6c-8873f59f41c9.jpg
coffinbell-tall-2,HAL-005,carousels/coffinbell/tall-2.jpg,https://database.blotato.io/storage/v1/object/public/public_media/5472a21c-0213-4305-8693-b19295e4d67e/a908e6c7-5d23-4584-abcf-95fbb8e9116f.jpg
coffinbell-tall-3,HAL-005,carousels/coffinbell/tall-3.jpg,https://database.blotato.io/storage/v1/object/public/public_media/5472a21c-0213-4305-8693-b19295e4d67e/99ae7802-fdb9-491e-b9b2-9ecb72d5f1d0.jpg
coffinbell-tall-4,HAL-005,carousels/coffinbell/tall-4.jpg,https://database.blotato.io/storage/v1/object/public/public_media/5472a21c-0213-4305-8693-b19295e4d67e/1765f28a-792c-447a-b0a0-dbef8c507631.jpg
coffinbell-tall-5,HAL-005,carousels/coffinbell/tall-5.jpg,https://database.blotato.io/storage/v1/object/public/public_media/5472a21c-0213-4305-8693-b19295e4d67e/9dafca5a-2d41-4075-84fd-fae56f04e87b.jpg
lugnano-slide-1,HAL-018,carousels/lugnano/slide-1.jpg,https://database.blotato.io/storage/v1/object/public/public_media/5472a21c-0213-4305-8693-b19295e4d67e/cf1cd074-5652-4ef8-8891-bd386ef9e100.jpg
lugnano-slide-2,HAL-018,carousels/lugnano/slide-2.jpg,https://database.blotato.io/storage/v1/object/public/public_media/5472a21c-0213-4305-8693-b19295e4d67e/54d2e326-3473-4bf7-8ce2-bec709e9c861.jpg
lugnano-slide-3,HAL-018,carousels/lugnano/slide-3.jpg,https://database.blotato.io/storage/v1/object/public/public_media/5472a21c-0213-4305-8693-b19295e4d67e/d44f5db2-084f-4ea9-ad65-c6911e83ac3b.jpg
lugnano-slide-4,HAL-018,carousels/lugnano/slide-4.jpg,https://database.blotato.io/storage/v1/object/public/public_media/5472a21c-0213-4305-8693-b19295e4d67e/48fe21b4-258e-4023-9e00-5aced31b2672.jpg
lugnano-slide-5,HAL-018,carousels/lugnano/slide-5.jpg,https://database.blotato.io/storage/v1/object/public/public_media/5472a21c-0213-4305-8693-b19295e4d67e/ba172bf0-31f0-4e98-babc-ed15f5f710d2.jpg
lugnano-tall-1,HAL-018,carousels/lugnano/tall-1.jpg,https://database.blotato.io/storage/v1/object/public/public_media/5472a21c-0213-4305-8693-b19295e4d67e/8dcc656b-66be-4ce4-b13a-17491469037f.jpg
lugnano-tall-2,HAL-018,carousels/lugnano/tall-2.jpg,https://database.blotato.io/storage/v1/object/public/public_media/5472a21c-0213-4305-8693-b19295e4d67e/c585fab5-93e0-45ab-9074-0c22448f18c0.jpg
lugnano-tall-3,HAL-018,carousels/lugnano/tall-3.jpg,https://database.blotato.io/storage/v1/object/public/public_media/5472a21c-0213-4305-8693-b19295e4d67e/78cbe062-af1e-46eb-b424-20d34dfe80b4.jpg
lugnano-tall-4,HAL-018,carousels/lugnano/tall-4.jpg,https://database.blotato.io/storage/v1/object/public/public_media/5472a21c-0213-4305-8693-b19295e4d67e/341b0131-6949-4f81-b3e5-b31aa7ea7106.jpg
lugnano-tall-5,HAL-018,carousels/lugnano/tall-5.jpg,https://database.blotato.io/storage/v1/object/public/public_media/5472a21c-0213-4305-8693-b19295e4d67e/f836f8a0-31ad-46b9-9ade-af1ac0d4d511.jpg
trailer-slide-1,TRL-001,carousels/trailer/slide-1.jpg,https://database.blotato.io/storage/v1/object/public/public_media/5472a21c-0213-4305-8693-b19295e4d67e/1386e04e-cf56-4d77-8186-9990635babe7.jpg
trailer-slide-2,TRL-001,carousels/trailer/slide-2.jpg,https://database.blotato.io/storage/v1/object/public/public_media/5472a21c-0213-4305-8693-b19295e4d67e/7ff03625-3bd0-49d2-a10b-610851fc722d.jpg
trailer-slide-3,TRL-001,carousels/trailer/slide-3.jpg,https://database.blotato.io/storage/v1/object/public/public_media/5472a21c-0213-4305-8693-b19295e4d67e/b9b3f652-e976-4278-b97d-871647193d7d.jpg
trailer-slide-4,TRL-001,carousels/trailer/slide-4.jpg,https://database.blotato.io/storage/v1/object/public/public_media/5472a21c-0213-4305-8693-b19295e4d67e/45076ed0-4bfe-4c36-a122-a92c9a4970a1.jpg
trailer-tall-1,TRL-001,carousels/trailer/tall-1.jpg,https://database.blotato.io/storage/v1/object/public/public_media/5472a21c-0213-4305-8693-b19295e4d67e/0c52ebf5-3b79-4f8e-b7c7-6b50a2fa2e4c.jpg
trailer-tall-2,TRL-001,carousels/trailer/tall-2.jpg,https://database.blotato.io/storage/v1/object/public/public_media/5472a21c-0213-4305-8693-b19295e4d67e/d0b01934-57f1-4186-8225-b3f7ab988c2a.jpg
trailer-tall-3,TRL-001,carousels/trailer/tall-3.jpg,https://database.blotato.io/storage/v1/object/public/public_media/5472a21c-0213-4305-8693-b19295e4d67e/7e46d5a7-abe7-4fae-af38-8602f61bbf24.jpg
trailer-tall-4,TRL-001,carousels/trailer/tall-4.jpg,https://database.blotato.io/storage/v1/object/public/public_media/5472a21c-0213-4305-8693-b19295e4d67e/fc4275c4-dc01-4e83-a579-356b9370b2a5.jpg
