TeardownID,Handle,Platform,Lane,Followers,ArtifactURL,Views,Likes,EngRate,Hook,Structure,Contract,MoneyPath,StealThis,Evidence,ClaimStatus,Confidence,Verified
CT-001,@kristentbrown,TikTok,senior-dog-grief,,,2900000,649300,0.224,Saved by a senior shelter dog who I believe was sent down to me by two angels.,"Her loss is stated before the dog is. Father died, dog Luna died, she went to the shelter in heartache. The senior dog arrives as evidence, not as subject. Health problems named honestly. Recovery shown. Adopt-a-senior close.",I am publicly surviving a specific loss and you are watching whether it works.,None visible. Reach and identification only.,"Name your own loss before you name the dog. A 22 percent like rate is not people liking a dog, it is people agreeing with a claim about their own future.",https://www.newsweek.com/woman-asks-see-oldest-dog-shelter-her-life-hasnt-been-same-since-adopt-2039230,thirdparty,reported,yes
CT-002,@jackiepajan,TikTok,senior-dog-rescue,,,300000,40000,0.133,"You know how I feel about the seniors, guys.","Stance card on screen reading A shelter is no place for a senior. Then three wordless scenes: bath, shopping for a collar, exploring the new house. No narration.",I hold a known position on senior dogs and I repeat it until you hold it for me.,None visible.,Write the caption as if the viewer already knows your position. That sentence is unavailable on video one. It is earned by repeating a stance until the audience carries it.,https://www.newsweek.com/woman-adopting-senior-dog-praised-1836942,thirdparty,reported,yes
CT-003,@thatgoodnewsgirl,TikTok,positive-news-daily,,https://www.tiktok.com/@thatgoodnewsgirl/video/7564177995737435422,,,,"There are currently over 50 dogs living together at a property in Missouri, and they're not just waiting around to be adopted. They've already found their final home.","Number and place at 0:00. Reversal by 0:08. Credit to one woman at 0:10. Origin loss at 0:13, her father dies and his Doberman is turned away for age. The gap at 0:31. One named individual at 0:49, a dog called Mcchicken found in a McDonald's parking lot. The promise at 0:58, he would never be invisible again. Proof and numbers. Signature sign-off at 1:27.","I'm Jen, and I post something positive every day.",Daily appointment. The sign-off is the follow.,"End on a delivery promise with a frequency, not on a request. The follow is the mechanism. The promise is the product. Also: one named animal beats the total. Mcchicken is why the count lands.",https://www.tiktok.com/@thatgoodnewsgirl/video/7564177995737435422,none,transcript,yes
CT-004,@whisperingwillowsdogs,TikTok,senior-dog-sanctuary,110000,https://www.tiktok.com/@whisperingwillowsdogs,,,,,"Not torn down directly. Subject of CT-003. Founded 2017 by Valerie Reid in Hermitage, Missouri after her father died and no rescue would take his aging Doberman.",Every dog here dies loved and named.,501c3 donations and dog sponsorship.,"The founding wound is stated every time. The origin is not backstory, it is the recurring proof of the promise.",https://www.tiktok.com/@whisperingwillowsdogs,official,reported,yes
CT-005,@thedodo,YouTube,format-leader,,https://www.youtube.com/watch?v=UAxcMMd3rF4,,,,"He had no food, no clean water, no care, and he was simply left to die.","Physical facts delivered flat in the first 9 seconds. The owners quoted verbatim refusing him. One concrete object at 0:23, the chain that was in his skin. Then the pivot: the dog does not change, the woman's life does. She moves countries. The dog becomes the reason she wakes up.","An animal will change a person, and we will show you the person changing.",Brand. Licensing and sponsorship.,"The concrete object carries the emotion and no adjective helps it. This was in his skin. Then turn the story onto the human, because the audience cannot become the dog but can become her.",https://www.youtube.com/watch?v=UAxcMMd3rF4,none,transcript,yes
CT-006,youtube:M5qTpegVwnQ,YouTube,synthetic-competitor,,https://www.youtube.com/watch?v=M5qTpegVwnQ,,,,"He had been at that shelter so long, people stopped seeing a future in him.","Open loop at 0:56, and that should have been the miracle. Second loop stacked at 1:16, one terrifying question ruined everything. Third loop at 1:36, a promise big enough to change all three of their lives, but first the dog had to trust him too. Runs 23 minutes on three stacked loops.",None. This is a content farm.,Ad revenue on watch time.,"The stacked open loop, and only that. The humans in this video are invented and the narration is synthetic. Recorded here because it proves the lane is being flooded with fabricated senior dog stories, which is what makes a real aging dog on camera the defensible position.",https://www.youtube.com/watch?v=M5qTpegVwnQ,none,transcript,yes
CT-007,Wildlife Wonders USA,Meta Ad Library,paid-senior-dog-facts,,https://www.facebook.com/ads/library/?id=2001141980373727,,,,Your Senior Dog: 13 Final Behaviors,"Six active ad variants on two headlines: Your Senior Dog 13 Final Behaviors, and Senior Dog's Nightly Secrets. Page id 294490487076839.",There is something about your own dog you have not noticed yet.,Paid distribution. Somebody is spending money to put senior dog fact listicles in front of this audience.,This is the only conversion proof in the set. A numbered list of behaviours in an aging dog is worth paying to distribute. Amanda already has the fact bank format that produces this.,https://www.facebook.com/ads/library/?id=2001141980373727,none,adlibrary,yes
CT-008,Pets Are Kids,Meta Ad Library,paid-senior-dog-product,,https://www.facebook.com/ads/library/?id=1331506155503416,,,,Joint Stiffness Doesn't Start With A Limp,"Negation hook. Names the symptom the owner is watching for, then says that is the late sign. Page id 211737455950296.",You are already missing something.,Supplement sales.,The negation hook is the same shape as Nobody was burned at Salem. It is proven to convert on paid traffic in this exact audience.,https://www.facebook.com/ads/library/?id=1331506155503416,none,adlibrary,yes
CT-009,unconfirmed,Instagram,nostalgia-90s,400000,,,,,,Named as Kate Steinberg in a published roundup. Reels unlocking 90s and 2000s memories. Handle not confirmed and no artifact pulled.,,,,https://screenrant.com/hilarious-2000s-instagram-nostalgia-accounts-retro/,thirdparty,listed,no
CT-010,unconfirmed,Instagram,nostalgia-90s,500000,,,,,,Named as Alina Bock in a published roundup. Reels on growing up in the 90s and 2000s. Handle not confirmed and no artifact pulled.,,,,https://screenrant.com/hilarious-2000s-instagram-nostalgia-accounts-retro/,thirdparty,listed,no
CT-011,unconfirmed,TikTok,nostalgia-90s,,,,,,,"Named as Morgan Bartel in a published roundup. 90s beauty trends, school lunches, snacks. Handle not confirmed and no artifact pulled.",,,,https://www.romper.com/life/tik-tok-accounts-to-follow-grew-up-90s,none,listed,no
CT-012,@theafnankhalifa,Instagram,wealth-personal-brand,1900000,https://www.instagram.com/theafnankhalifa/,,,,The middle class is more expensive than you think.,"6 repeating openers: insider credibility, origin-story contrast, a binary ambition slogan, a counter-intuitive attack on the middle class, a fulfilment reframe, and no-backup-plan hustle. Long-form monologues of 17 to 42 minutes, infrequent, mined into near-daily Shorts. Most Shorts are podcast interview clips cut down.",Helping you grow your followers and then make money from it.,"Free content, a free guide and a free Saturday masterclass, then a 14 day scripting challenge at $249 on the waitlist and $349 public, then a 9 week program priced behind a call. A third-party reviewer reports paying about $942.55 SGD for a Reels growth course, receiving a portal of locked upsells instead, having a refund request ignored, and being refunded only after a public complaint reached 4,500 views.","The mechanics, never the persona. 1 call to action per piece routing to 1 named system, and free content that demonstrates the exact skill being sold. Her scripting lessons sell scripting. Amanda's AI explainers should sell the AI guide. Skip the luxury flex, the broke-women framing and the cut-off-your-family bluntness.","Musie research brief 2026-09-17, which reports reading transcripts and the live ladder. Primary transcripts and the flagship YouTube video were NOT re-read here: youtube.com/watch?v=-94EPwRYehE returns no metadata to a fetch. Handle confirmed to exist 2026-09-18. Follower count conflicts: Musie reports 2,349,902 read live, 2 independent third-party sources in 2026 report 1.9M. The lower figure is recorded. Delivery and refund complaint: seowithsenthil.com/blog/afnan-khalifa-course-review, read 2026-09-18.",disputed,reported,yes
CT-013,@codiesanchez,Multi,acquisition-education,,https://www.contrarianthinking.co/,,,,Do you want to buy or grow a profitable business?,"1 newsletter becomes 5 to 10 platform-native pieces. Scripts written and filmed on 1 weekly film day, handed to an editor against a style guide. Social is treated as rented and pushed into email, which is owned. Product before community: a course, sprint or challenge first, so creation funds itself.","Your unfair advantage in finding, buying, and profiting from small businesses.","Free newsletter, then Acquisition Foundations, whose price is not published on its own page, then Contrarian Academy. The course credits $2,000 toward the Academy. A third-party review reports the Academy at $10,000 a year, unconfirmed by the company. Inc. reported Contrarian Thinking as a $31M company.","Credit the first purchase upward. The exact words on the page are ""Yes. And we'll credit you $2,000 towards the Contrarian Academy."" This is the mechanic Amanda's ladder does not have, and the $37 and $47 products are where it is missing.","contrarianthinking.co and /acquisition-foundations/ read 2026-09-18: tagline, promise and the $2,000 credit quoted verbatim from those pages. Creator Science interview read 2026-09-18, confirming ""Social growth has been 10x, anything else we do for the newsletter."" The Inc. $31M figure could NOT be re-read here: the article returns HTTP 403.",thirdparty,reported,yes
CT-014,@sweatystartup,Multi,boring-business-acquisition,,https://www.sweatystartup.com/start-here,,,,The Shark Tank and Tech Crunch culture is ruining the real spirit of low-risk entrepreneurship.,"1 recurring frame, Businesses I Love against Businesses I Hate, applied to named trades: lawn care, pest control, painting, pressure washing, window cleaning, junk removal. 300+ podcast episodes across 2 shows, 200+ articles, and a weekly newsletter to 42,000+ subscribers.","Every week I name which small businesses are worth starting and which are not, and I own the ones I recommend.","Free newsletter, podcast and articles, then a book and events, then 7 named operating companies: Bolt Storage, RE Cost Seg, RecruitJet, Titan Risk, Blue Key Capital, Tax Credit Hunter and WebRun Labs. Event and consulting prices are not published.","Invert the status. Make the boring, small, practical choice read as the smarter one. He does it by owning the thing he recommends, which is the same move as Amanda teaching from systems she actually runs.","sweatystartup.com/start-here read 2026-09-18. The quoted stance, the 300+ episodes, 200+ articles, 42,000+ subscribers and the 7 company names are all verbatim from that page, self-published. The hook the source benchmark quoted, about chasing a small boring opportunity, is NOT on this page and was not re-read.",official,reported,yes
CT-015,Walker Deibel,Web,acquisition-frameworks,,https://buythenbuild.com/6-months-to-ceo/,,,,The startup phase is a company killer.,"Every concept gets a name until the process feels ownable. Opportunity, Evaluation, Analysis, Execution. Opportunity profile. Target statement. Buying a business stops being a leap and becomes a sequence.","I will teach you buying a business as a named process you can repeat, not a leap you get lucky on.","Free content, then the book, then 6 Months to CEO at $499 one payment, then Acquisition Lab. A third party reports the Lab at $8,500 with $10,000 planned. The company does not publish that figure.","Name everything. A named framework travels further than an unnamed collection of tips, and it is what lets a buyer describe the thing to somebody else.","buythenbuild.com/6-months-to-ceo read 2026-09-18: ""$ 499 One Payment"" verbatim. The $8,500 Acquisition Lab figure is third party and was NOT confirmed against the company. The quoted hook comes from the source benchmark and was not re-read.",thirdparty,reported,yes
CT-016,Anne Muhia,Multi,main-street-operator,,https://arenaacademy.online/business-of-you,,,,AI can't fix a messy business. It just helps you do the messy thing faster.,"Lo-fi direct to camera breakdowns, candid failure stories, a recurring segment called Business Broken Down, a Friday live, and long-form interviews. The specificity is East African and Main Street rather than generic acquisition theory.",I break down a real business every week and I go live every Friday.,"Free TikTok, YouTube and a weekly live, then consulting and training, then the Business of You masterclass: 3 hours, 2 hours teaching and 1 hour live Q and A, at KES 1,999 early bird and KES 3,500 full. No high-ticket offer found.","Make operator receipts the production value. The lo-fi format is the credibility, not a compromise. Amanda's build-in-public pillar is the same bet and should stop apologising for looking unpolished.","arenaacademy.online/business-of-you read 2026-09-18: both prices and the 3 hour structure verbatim. The early bird window closed 2026-08-15, so KES 3,500 is the current figure. The hook, the Friday live and the Business Broken Down segment come from the source benchmark and were not re-read.",official,reported,yes
CT-017,Hello Seven,Web,wealth-education-women,,https://helloseven.co/rich/,,,,,,,"Free weekly podcast, then the Rich workshop at $497 on launch against $997 regular, with a VIP tier at $997 on launch against $1,997 regular, then Studio Six or the Mastermind. The $497 is credited toward the next tier. The VIP tier is not.","The credit mechanic, same shape as Contrarian Thinking's. Worth noting that the credit applies to the standard tier only, which is a detail the source benchmark missed.","helloseven.co/rich read 2026-09-18: all 4 prices and the credit sentence verbatim, including that the credit is the $497 and does not extend to VIP. No content was pulled, so no hook and no promise were ever captured. Lead only as a teardown, though the money mechanic is verified.",official,reported,no
CT-018,Kelly Roach,Podcast,people-first-scaling,,,,,,,,,"Free podcast, then books and programs, then the Legacy Leaders Mastermind. Prices not captured.",,"Named in the source benchmark with a 1,000+ episode podcast archive and named IP, the Live Launch Method. The benchmark itself states that current program prices and exact recent hooks were not published or captured. Nothing was pulled here either.",none,listed,no
CT-019,Rachel Woods,Newsletter,ai-for-small-business,,https://news.mccombs.utexas.edu/magazine/2024-spring-summer/year-of-ai-ai-for-mom-pop/,,,,,,,"Free newsletter and social, then education and resources, then a paid membership, then consulting. The company self-reported 1,800 paid members and 200 companies by the end of 2023.",,"A university profile article is the only artifact the source benchmark cites. The benchmark states that prices, cadence and quoted hooks were not captured. The membership figures are the company's own. Nothing was pulled here.",selfreported,reported,no
CT-020,Allie K. Miller,LinkedIn,ai-executive-translation,,https://www.aia.org/aia-architect/article/aia25-allie-k-miller-inspires-architects-lead-ai-age,,,,Apply AI to the places that make sense.,,,"Free social, webinars and 8 to 10 guidebooks, then MasterClass, then keynote work and Fortune 500 advisory. Fees not published.",,"The quoted hook and the Three-P framework come from a conference profile cited by the source benchmark. The benchmark states fees are not published and exact cadence was not captured. No promise with a frequency or a stance behind it was ever recorded, so this stays a lead.",none,reported,no
CT-021,Sabrina Ramonov,Multi,ai-education-to-software,3000000,https://www.blotato.com/about,,,,,,,"Free AI education at volume feeding Blotato, the tool that operationalises what the content teaches. Self-reported: 3M+ followers, 33M+ monthly organic views, 250+ posts published per week, $0 funding and budget.",,"blotato.com/about read 2026-09-18. Every figure is verbatim from that page and every one of them is the company describing itself on its own marketing surface. The page also claims a dashboard screenshot showing 8,027,527 accounts reached and 40M video views. No hook and no promise were captured, so this is a volume reference, not a content model.",selfreported,reported,no
CT-022,@leilahormozi,Multi,operator-leadership,,https://www.acquisition.com/team/bio-leila-2,,,,"Scaling businesses through flexible infrastructures and creating management systems that create wonderful places to work, and performance to match.","Scaling, hiring leaders and installing systems, across YouTube and Instagram. Frameworks over feelings, and proof stated before personality.",I will show you how to scale through systems and people so the company stops depending on you.,"Free content, then Acquisition.com courses in scaling, offers, leads and money models, then the investment platform itself. Her bio states a portfolio generating over $85,000,000 in yearly revenue and 3 companies scaled to $120M+ cumulative sales.","The nearest thing on this bench to Amanda's own lane: management systems as the product, not motivation. She names the enemy as founder dependency, which is the same enemy as being the system yourself.","acquisition.com/team/bio-leila-2 read 2026-09-18, the quoted line and both money figures verbatim from her own bio. The page carries its own disclaimer that her results are not typical. Content focus is from a secondary summary and was not re-read at source. Upgraded from a lead on 2026-09-18 after Amanda named her 1 of 3 models.",official,reported,yes
