Action,BlotatoId,SlotUTC,Platform,AccountId,Fact,Plate,Reason,MediaUrl
DELETE,4230973,2026-09-09T20:20:00.000Z,youtube,36129,nbc,nbc-cemetery,"nbc: keeping 4231155,4231201 on 36129",https://database.blotato.io/storage/v1/object/public/public_media/5472a21c-0213-4305-8693-b19295e4d67e/ffc4cd7c-3570-401f-92b8-f5631c3ed7ef.mp4
DELETE,4230997,2026-09-10T20:20:00.000Z,youtube,36129,gb,gb-bike,"gb: keeping 4230975,4231070 on 36129",https://database.blotato.io/storage/v1/object/public/public_media/5472a21c-0213-4305-8693-b19295e4d67e/c8348e88-b9f2-42dc-92a2-63ac0b0763d8.mp4
DELETE,4024574,2026-09-11T17:00:00.000Z,tiktok,41488,mare,mare-bedroom,"mare: keeping 4230965,4231123 on 41488",https://database.blotato.io/storage/v1/object/public/public_media/5472a21c-0213-4305-8693-b19295e4d67e/e2c9830b-7cbd-478b-9263-c9775270816e.jpeg|https://database.blotato.io/storage/v1/object/public/public_media/5472a21c-0213-4305-8693-b19295e4d67e/29e27027-938d-4a58-8d2e-c5c038d9a6c4.jpeg|https://database.blotato.io/storage/v1/object/public/public_media/5472a21c-0213-4305-8693-b19295e4d67e/e4a1e9be-6354-4511-b309-1303d30264ca.jpeg|https://database.blotato.io/storage/v1/object/public/public_media/5472a21c-0213-4305-8693-b19295e4d67e/734931b3-f210-4027-8a3f-4724bf262644.jpeg|https://database.blotato.io/storage/v1/object/public/public_media/5472a21c-0213-4305-8693-b19295e4d67e/3fe433f6-f0dc-42a4-b0e0-2eb2fef332ac.jpeg
DELETE,4231024,2026-09-11T20:20:00.000Z,youtube,36129,gb,gb-bike,"gb: keeping 4230975,4231070 on 36129",https://database.blotato.io/storage/v1/object/public/public_media/5472a21c-0213-4305-8693-b19295e4d67e/cafa1abe-20c1-4215-950a-d76d9849e6b9.mp4
DELETE,4231046,2026-09-12T14:30:00.000Z,youtube,36129,gb,gb-bike,"gb: keeping 4230975,4231070 on 36129",https://database.blotato.io/storage/v1/object/public/public_media/5472a21c-0213-4305-8693-b19295e4d67e/23e74a26-cc05-4943-8396-db59ffc3325d.mp4
DELETE,4231050,2026-09-12T20:20:00.000Z,youtube,36129,turnip,turnip,turnip: keeping 4231022 on 36129,https://database.blotato.io/storage/v1/object/public/public_media/5472a21c-0213-4305-8693-b19295e4d67e/1a0b6741-360c-4d43-b1f0-40ccee2c92b6.mp4
DELETE,4231060,2026-09-13T14:30:00.000Z,youtube,36129,gb,gb-bike,"gb: keeping 4230975,4231070 on 36129",https://database.blotato.io/storage/v1/object/public/public_media/5472a21c-0213-4305-8693-b19295e4d67e/f9e00b81-eb47-4813-bf4c-be492bf13023.mp4
DELETE,4231068,2026-09-13T20:00:00.000Z,tiktok,41488,turnip,turnip,turnip: keeping 4231056 on 41488,https://database.blotato.io/storage/v1/object/public/public_media/5472a21c-0213-4305-8693-b19295e4d67e/a1e67109-ab91-4216-b281-a629e33193ed.jpeg|https://database.blotato.io/storage/v1/object/public/public_media/5472a21c-0213-4305-8693-b19295e4d67e/11f5cd12-ad31-456f-ab29-648fcff1df2d.jpeg|https://database.blotato.io/storage/v1/object/public/public_media/5472a21c-0213-4305-8693-b19295e4d67e/79c00699-f20e-445c-aa88-732124c492b6.jpeg|https://database.blotato.io/storage/v1/object/public/public_media/5472a21c-0213-4305-8693-b19295e4d67e/12873fa8-17aa-4a3c-9c62-51009a8467f2.jpeg|https://database.blotato.io/storage/v1/object/public/public_media/5472a21c-0213-4305-8693-b19295e4d67e/b887fc29-0167-44a4-96b7-90dd79fe9998.jpeg
DELETE,4231062,2026-09-13T20:20:00.000Z,youtube,36129,nbc,nbc-cemetery,"nbc: keeping 4231155,4231201 on 36129",https://database.blotato.io/storage/v1/object/public/public_media/5472a21c-0213-4305-8693-b19295e4d67e/849afc11-dd23-40df-92c3-e9317c316218.mp4
DELETE,4231074,2026-09-14T14:00:00.000Z,facebook,30840,turnip,turnip,"turnip: keeping 4231064,4231160 on 30840",https://database.blotato.io/storage/v1/object/public/public_media/5472a21c-0213-4305-8693-b19295e4d67e/65ab6fc2-727c-4747-94c5-ac314d35552e.jpeg|https://database.blotato.io/storage/v1/object/public/public_media/5472a21c-0213-4305-8693-b19295e4d67e/158ab28c-c2a8-4237-a97c-70bc489913a1.jpeg|https://database.blotato.io/storage/v1/object/public/public_media/5472a21c-0213-4305-8693-b19295e4d67e/455009f5-1294-4b5d-a528-4d182d2ede77.jpeg|https://database.blotato.io/storage/v1/object/public/public_media/5472a21c-0213-4305-8693-b19295e4d67e/8598586d-4bb6-4f70-909b-a92cca9e4eac.jpeg|https://database.blotato.io/storage/v1/object/public/public_media/5472a21c-0213-4305-8693-b19295e4d67e/730a3708-6720-461c-8675-e6c13ff13f1e.jpeg
DELETE,4231075,2026-09-14T15:00:00.000Z,tiktok,41488,afraidark,afraidark,"afraidark: keeping 4024569,4059750 on 41488",https://database.blotato.io/storage/v1/object/public/public_media/5472a21c-0213-4305-8693-b19295e4d67e/5db74704-0cd3-457f-ae96-5331d919ada4.mp4
DELETE,4231071,2026-09-14T17:20:00.000Z,youtube,36129,afraidark,afraidark,afraidark: keeping 4231047 on 36129,https://database.blotato.io/storage/v1/object/public/public_media/5472a21c-0213-4305-8693-b19295e4d67e/e87e2415-c1c8-427b-86ae-c62e9670e6b6.mp4
DELETE,4231080,2026-09-14T20:00:00.000Z,tiktok,41488,nbc,nbc-cemetery,"nbc: keeping 4024572,4059593 on 41488",https://database.blotato.io/storage/v1/object/public/public_media/5472a21c-0213-4305-8693-b19295e4d67e/c9eb8917-3fcb-48f2-ad85-aa69c5453e87.mp4
DELETE,4231072,2026-09-14T20:20:00.000Z,youtube,36129,casper,casper,casper: keeping 4231061 on 36129,https://database.blotato.io/storage/v1/object/public/public_media/5472a21c-0213-4305-8693-b19295e4d67e/6003de85-aba9-423a-b99b-a0027b01bceb.mp4
DELETE,4231095,2026-09-15T14:00:00.000Z,facebook,30840,gb,gb-bike,"gb: keeping 4231120,4236588 on 30840",https://database.blotato.io/storage/v1/object/public/public_media/5472a21c-0213-4305-8693-b19295e4d67e/a0f0b17e-153f-4b21-9b7a-2e1d05168840.mp4
DELETE,4231106,2026-09-15T15:00:00.000Z,tiktok,41488,snick,snick,snick: keeping 4231067 on 41488,https://database.blotato.io/storage/v1/object/public/public_media/5472a21c-0213-4305-8693-b19295e4d67e/5c08e30f-cc25-4318-a855-dbd2305e12fb.jpeg|https://database.blotato.io/storage/v1/object/public/public_media/5472a21c-0213-4305-8693-b19295e4d67e/915aa807-59ad-46a3-a7fa-751eeb852409.jpeg|https://database.blotato.io/storage/v1/object/public/public_media/5472a21c-0213-4305-8693-b19295e4d67e/29da05d9-ebc2-45f9-a3c2-0766cdb969dd.jpeg|https://database.blotato.io/storage/v1/object/public/public_media/5472a21c-0213-4305-8693-b19295e4d67e/206ae383-34f1-4f31-be9c-cd5ea0d5c61b.jpeg|https://database.blotato.io/storage/v1/object/public/public_media/5472a21c-0213-4305-8693-b19295e4d67e/94481791-ce0b-465f-a73c-391689bfa401.jpeg
DELETE,4059769,2026-09-15T22:00:00.000Z,facebook,30840,OTHER:actually aesthetic becoming bed,OTHER:actually aesthetic becoming bed,identical media file to 3732520,https://database.blotato.io/storage/v1/object/public/public_media/5472a21c-0213-4305-8693-b19295e4d67e/4d1ba53c-33b9-4bfd-8372-48a6fb039501.mp4
DELETE,4231113,2026-09-16T14:30:00.000Z,youtube,36129,mare,mare-bedroom,"mare: keeping 4230996,4231153 on 36129",https://database.blotato.io/storage/v1/object/public/public_media/5472a21c-0213-4305-8693-b19295e4d67e/4216864d-f58b-41fa-821c-905816d0b7c1.mp4
DELETE,4231119,2026-09-16T17:20:00.000Z,youtube,36129,nbc,nbc-cemetery,"nbc: keeping 4231155,4231201 on 36129",https://database.blotato.io/storage/v1/object/public/public_media/5472a21c-0213-4305-8693-b19295e4d67e/7b4c205a-05e1-4526-8dc8-9c290dcec950.mp4
DELETE,4231121,2026-09-16T19:30:00.000Z,facebook,30840,nbc,nbc-cemetery,"nbc: keeping 4231001,4236594 on 30840",https://database.blotato.io/storage/v1/object/public/public_media/5472a21c-0213-4305-8693-b19295e4d67e/7a9055ef-bf78-4bb5-9710-16e22dbc7ec8.mp4
DELETE,4231132,2026-09-17T14:30:00.000Z,youtube,36129,mare,mare-bedroom,"mare: keeping 4230996,4231153 on 36129",https://database.blotato.io/storage/v1/object/public/public_media/5472a21c-0213-4305-8693-b19295e4d67e/2aa25b27-cce5-4924-8dad-c0cffbf9d57f.mp4
DELETE,4231141,2026-09-17T15:00:00.000Z,tiktok,41488,gb,gb-bike,"gb: keeping 4024570,4231163 on 41488",https://database.blotato.io/storage/v1/object/public/public_media/5472a21c-0213-4305-8693-b19295e4d67e/9214f68e-db0e-4979-823a-e431ffd0d629.mp4
DELETE,4231137,2026-09-17T17:20:00.000Z,youtube,36129,nbc,nbc-cemetery,"nbc: keeping 4231155,4231201 on 36129",https://database.blotato.io/storage/v1/object/public/public_media/5472a21c-0213-4305-8693-b19295e4d67e/50d36695-c506-4b2d-8798-b871a1536ffd.mp4
DELETE,4231142,2026-09-17T20:00:00.000Z,tiktok,41488,nbc,nbc-cemetery,"nbc: keeping 4024572,4059593 on 41488",https://database.blotato.io/storage/v1/object/public/public_media/5472a21c-0213-4305-8693-b19295e4d67e/f117809c-2f14-442a-bc31-d383a428e609.mp4
DELETE,4059760,2026-09-18T17:00:00.000Z,tiktok,41488,gb,gb-bike,"gb: keeping 4024570,4231163 on 41488",https://database.blotato.io/storage/v1/object/public/public_media/5472a21c-0213-4305-8693-b19295e4d67e/e9b6005e-5ec1-42e0-a122-4a821fcd09d5.mp4
DELETE,4231109,2026-09-15T20:00:00.000Z,tiktok,41488,hocus,hocus,hocus: ran 2 days after 4189711. The guessed fact label split 1 fact into 2 and the label based pass missed it. Caught by a text similarity sweep.,
ADD,4237033,2026-09-09T14:30:00.000Z,youtube,36129,samhain,samhain,refill to hold 3 a day after the thin,https://database.blotato.io/storage/v1/object/public/public_media/5472a21c-0213-4305-8693-b19295e4d67e/cb8ece67-05e0-4138-aa55-0b2e702dbe7f.mp4
ADD,4237035,2026-09-11T14:30:00.000Z,youtube,36129,trackA-hal-004,trackA-hal-004,refill to hold 3 a day after the thin,https://database.blotato.io/storage/v1/object/public/public_media/5472a21c-0213-4305-8693-b19295e4d67e/61382cad-b1e8-4107-a772-9de73c36ced3.mp4
ADD,4237036,2026-09-12T14:30:00.000Z,youtube,36129,trackA-hal-020,trackA-hal-020,refill to hold 3 a day after the thin,https://database.blotato.io/storage/v1/object/public/public_media/5472a21c-0213-4305-8693-b19295e4d67e/1c247fa9-edeb-48aa-a2fe-298efe46722e.mp4
ADD,4237045,2026-09-13T14:30:00.000Z,youtube,36129,samhain,samhain,refill to hold 3 a day after the thin,https://database.blotato.io/storage/v1/object/public/public_media/5472a21c-0213-4305-8693-b19295e4d67e/cb8ece67-05e0-4138-aa55-0b2e702dbe7f.mp4
ADD,4237049,2026-09-13T20:20:00.000Z,youtube,36129,trackA-hal-007,trackA-hal-007,refill to hold 3 a day after the thin,https://database.blotato.io/storage/v1/object/public/public_media/5472a21c-0213-4305-8693-b19295e4d67e/2acb99e6-c069-4ece-980d-9ed0569ca477.mp4
ADD,4237082,2026-09-14T15:00:00.000Z,tiktok,41488,trackA-hal-003,trackA-hal-003,refill to hold 3 a day after the thin,https://database.blotato.io/storage/v1/object/public/public_media/5472a21c-0213-4305-8693-b19295e4d67e/d135e026-db63-432e-8f91-4613e186b251.mp4
ADD,4237052,2026-09-14T17:20:00.000Z,youtube,36129,trickortreat,trickortreat,refill to hold 3 a day after the thin,https://database.blotato.io/storage/v1/object/public/public_media/5472a21c-0213-4305-8693-b19295e4d67e/e3ff6b99-2576-438d-973b-a86376d44dee.mp4
ADD,4237058,2026-09-14T20:20:00.000Z,youtube,36129,snick,snick,refill to hold 3 a day after the thin (3 day gap fallback),https://database.blotato.io/storage/v1/object/public/public_media/5472a21c-0213-4305-8693-b19295e4d67e/7dbd793c-0fe3-47e5-8efa-a07d0d371c2b.mp4
ADD,4237078,2026-09-15T14:00:00.000Z,facebook,30840,coffinbell,coffinbell,refill to hold 3 a day after the thin,https://database.blotato.io/storage/v1/object/public/public_media/5472a21c-0213-4305-8693-b19295e4d67e/e6925be5-2d88-43a6-90e3-08e17f88bbca.mp4
ADD,4237253,2026-09-15T20:00:00.000Z,tiktok,41488,trackA-hal-007,trackA-hal-007,"replaces 4231109, which ran Hocus Pocus 2 days after 4189711",d8b320d3
ADD,4237070,2026-09-16T14:30:00.000Z,youtube,36129,afraidark,afraidark,refill to hold 3 a day after the thin,https://database.blotato.io/storage/v1/object/public/public_media/5472a21c-0213-4305-8693-b19295e4d67e/24b21333-ca41-4507-9272-9ce711669ae6.mp4
ADD,4237073,2026-09-16T17:20:00.000Z,youtube,36129,trackA-hal-004,trackA-hal-004,refill to hold 3 a day after the thin,https://database.blotato.io/storage/v1/object/public/public_media/5472a21c-0213-4305-8693-b19295e4d67e/61382cad-b1e8-4107-a772-9de73c36ced3.mp4
ADD,4237076,2026-09-17T14:30:00.000Z,youtube,36129,casper,casper,refill to hold 3 a day after the thin,https://database.blotato.io/storage/v1/object/public/public_media/5472a21c-0213-4305-8693-b19295e4d67e/8106a27f-60d0-41ba-a7fc-d06815dfc0fb.mp4
ADD,4237084,2026-09-17T15:00:00.000Z,tiktok,41488,trackA-hal-004,trackA-hal-004,refill to hold 3 a day after the thin,https://database.blotato.io/storage/v1/object/public/public_media/5472a21c-0213-4305-8693-b19295e4d67e/61382cad-b1e8-4107-a772-9de73c36ced3.mp4
ADD,4237077,2026-09-17T17:20:00.000Z,youtube,36129,trackA-hal-006,trackA-hal-006,refill to hold 3 a day after the thin,https://database.blotato.io/storage/v1/object/public/public_media/5472a21c-0213-4305-8693-b19295e4d67e/4b3c1214-d19b-42ca-b959-a5e6715aadda.mp4
