id,scheduledAt,platform,accountId,mediaUrls,text,why
4498266,2026-10-12T13:30:00.000Z,twitter,,https://database.blotato.io/storage/v1/object/public/public_media/5472a21c-0213-4305-8693-b19295e4d67e/d39dc93b-335e-444b-87ca-a6e4bba341fc.mp4,"The next upload is usually the one that changes something.
https://payhip.com/b/9FE2U",X was dropped 09/08 and the board is 0 a day there. Another session scheduled these on 09/17. Amanda said delete on 09/18. Kept here because nothing in this system disappears without a copy.
4498286,2026-10-13T13:30:00.000Z,twitter,,https://database.blotato.io/storage/v1/object/public/public_media/5472a21c-0213-4305-8693-b19295e4d67e/e644c6a1-45a3-44a5-8e34-2c34e4c98d3a.jpeg,"I used to say I had no time to read. Then I counted the drive.

The drive, the dishes, the laundry, groceries. Almost 2 hours a day with my hands busy and my ears free.

I didn't add anything to my day. I stopped filling that time with...
https://payhip.com/b/9FE2U",X was dropped 09/08 and the board is 0 a day there. Another session scheduled these on 09/17. Amanda said delete on 09/18. Kept here because nothing in this system disappears without a copy.
4498297,2026-10-14T13:30:00.000Z,twitter,,https://database.blotato.io/storage/v1/object/public/public_media/5472a21c-0213-4305-8693-b19295e4d67e/f7aa8843-bedd-4067-ad7c-b45518e022e3.png,"A week off doesn't fix a system that drains you. A reset changes how the ordinary days feel. Ten gentle steps, free, in the Gentle Muse Reset Guide.
https://payhip.com/b/9FE2U",X was dropped 09/08 and the board is 0 a day there. Another session scheduled these on 09/17. Amanda said delete on 09/18. Kept here because nothing in this system disappears without a copy.
