FactID,Date,Render,Music,Footage,IG,FB,TT
HAL-008,2026-09-30,to render,"sparse plucked strings, dry","porch light, an empty street at dusk","Trick or treat is younger than jazz.

The phrase does not turn up in North American print until the 1920s. One of the earliest is a 1927 newspaper in Blackie, Alberta.

The oldest looking part of the night is the newest thing about it.

Comment SEASONAL and I'll send you the weekly note.","Trick or treat is younger than jazz.

The phrase does not turn up in North American print until the 1920s. One of the earliest is a 1927 newspaper in Blackie, Alberta.

The oldest looking part of the night is the newest thing about it.

Comment SEASONAL and I'll send you the weekly note.

https://consider-this.subscribepage.io","Trick or treat is younger than jazz.

The phrase does not turn up in print until the 1920s. One of the earliest is a 1927 paper in Blackie, Alberta.

The oldest looking part of the night is the newest thing about it.

Follow for the real one, every season. The note is in my bio.

#LearnOnTikTok #halloween #history"
HAL-002,2026-10-01,to render,"low drone, warm","a knife going into a pumpkin, candlelight","Jack o lanterns were turnips.

Ireland and Scotland carved them out of turnips and beets for centuries. Irish immigrants switched to pumpkins in America because they were bigger and easier to hollow out.

The ritual mattered. The turnip did not.

Comment SEASONAL and I'll send you the weekly note.","Jack o lanterns were turnips.

Ireland and Scotland carved them out of turnips and beets for centuries. Irish immigrants switched to pumpkins in America because they were bigger and easier to hollow out.

The ritual mattered. The turnip did not.

Comment SEASONAL and I'll send you the weekly note.

https://consider-this.subscribepage.io","Jack o lanterns were turnips.

Ireland and Scotland carved turnips and beets for centuries. Irish immigrants switched to pumpkins in America because they were easier to hollow.

The ritual mattered. The turnip did not.

Follow for the real one, every season. The note is in my bio.

#LearnOnTikTok #halloween #history"
HAL-015,2026-10-02,to render,"90s synth pad, nostalgic",a television glowing in a dark room,"Somebody decided children deserved their own night.

Nickelodeon launched SNICK in August 1992. 2 hours on a Saturday, programmed entirely for kids, in the slot adults had always owned.

It worked because it was theirs, not because it was gentle.

Comment SEASONAL and I'll send you the weekly note.","Somebody decided children deserved their own night.

Nickelodeon launched SNICK in August 1992. 2 hours on a Saturday, programmed entirely for kids, in the slot adults had always owned.

It worked because it was theirs, not because it was gentle.

Comment SEASONAL and I'll send you the weekly note.

https://consider-this.subscribepage.io","Somebody decided children deserved their own night.

Nickelodeon launched SNICK in August 1992. 2 hours on a Saturday, programmed entirely for kids.

It worked because it was theirs, not because it was gentle.

Follow for the real one, every season. The note is in my bio.

#LearnOnTikTok #90s #nostalgia"
HAL-011,2026-10-03,rendered,already cut,GM-afraid-of-the-dark.mp4,"The scary part was never the monster.

Are You Afraid of the Dark started on Nickelodeon in 1992, and the whole format was children around a fire deciding which story was worth telling. No adult ever arrived to make it safe.

It was being trusted with the story.

Comment SEASONAL and I'll send you the weekly note.","The scary part was never the monster.

Are You Afraid of the Dark started on Nickelodeon in 1992, and the whole format was children around a fire deciding which story was worth telling. No adult ever arrived to make it safe.

It was being trusted with the story.

Comment SEASONAL and I'll send you the weekly note.

https://consider-this.subscribepage.io","The scary part was never the monster.

Are You Afraid of the Dark started in 1992 and the format was children around a fire deciding which story was worth telling. No adult ever arrived to make it safe.

It was being trusted with the story.

Follow for the real one, every season. The note is in my bio.

#LearnOnTikTok #90s #nostalgia"
HAL-014,2026-10-04,rendered,already cut,GM-goosebumps-1992.mp4,"Goosebumps was dismissed by every serious critic who looked at it.

Books in 1992, television by 1995, and R.L. Stine writing at roughly one a month. Fast, cheap, and for children.

It taught a whole generation that a chapter ending on a hook is worth staying up for.

Comment SEASONAL and I'll send you the weekly note.","Goosebumps was dismissed by every serious critic who looked at it.

Books in 1992, television by 1995, and R.L. Stine writing at roughly one a month. Fast, cheap, and for children.

It taught a whole generation that a chapter ending on a hook is worth staying up for.

Comment SEASONAL and I'll send you the weekly note.

https://consider-this.subscribepage.io","Goosebumps was dismissed by every serious critic who looked at it.

Books in 1992, TV by 1995, R.L. Stine writing roughly one a month. Fast, cheap, for children.

It taught a generation that a chapter ending on a hook is worth staying up for.

Follow for the real one, every season. The note is in my bio.

#LearnOnTikTok #90s #books"
HAL-012,2026-10-06,to render,"soft bell tones, hollow","a hand passing through light, a curtain moving","Casper was the first film to build its lead out of nothing at all.

1995, the first feature to carry a fully computer generated character in a leading role. Every frame of him was made rather than filmed.

A film about a ghost nobody could touch. They built him from air.

Comment SEASONAL and I'll send you the weekly note.","Casper was the first film to build its lead out of nothing at all.

1995, the first feature to carry a fully computer generated character in a leading role. Every frame of him was made rather than filmed.

A film about a ghost nobody could touch. They built him from air.

Comment SEASONAL and I'll send you the weekly note.

https://consider-this.subscribepage.io","Casper was the first film to build its lead out of nothing at all.

1995, the first feature with a fully computer generated character in a leading role. Every frame of him was made rather than filmed.

A ghost nobody could touch, built from air.

Follow for the real one, every season. The note is in my bio.

#LearnOnTikTok #90s #film"
HAL-010,2026-10-08,rendered,already cut,GM-nightmare-touchstone.mp4,"Disney would not put its own name on it.

The Nightmare Before Christmas came out under Touchstone in 1993 because the studio decided it was too dark to carry the Disney label.

The part they were embarrassed by is the part they sell every October now.

Comment SEASONAL and I'll send you the weekly note.","Disney would not put its own name on it.

The Nightmare Before Christmas came out under Touchstone in 1993 because the studio decided it was too dark to carry the Disney label.

The part they were embarrassed by is the part they sell every October now.

Comment SEASONAL and I'll send you the weekly note.

https://consider-this.subscribepage.io","Disney would not put its own name on it.

The Nightmare Before Christmas came out under Touchstone in 1993 because the studio decided it was too dark for the Disney label.

The part they were embarrassed by is the part they sell every October.

Follow for the real one, every season. The note is in my bio.

#LearnOnTikTok #halloween #film"
HAL-009,2026-10-10,rendered,already cut,GM-hocus-pocus-cesa.mp4,"Hocus Pocus lost money.

It opened in July 1993 against summer blockbusters, did not find an audience, and got written off. It became a Halloween fixture years later through television reruns.

It found its people 10 years late, on the wrong platform.

Comment SEASONAL and I'll send you the weekly note.","Hocus Pocus lost money.

It opened in July 1993 against summer blockbusters, did not find an audience, and got written off. It became a Halloween fixture years later through television reruns.

It found its people 10 years late, on the wrong platform.

Comment SEASONAL and I'll send you the weekly note.

https://consider-this.subscribepage.io","Hocus Pocus lost money.

It opened in July 1993 against summer blockbusters, did not find an audience, and got written off. It became a fixture years later through reruns.

It found its people 10 years late, on the wrong platform.

Follow for the real one, every season. The note is in my bio.

#LearnOnTikTok #halloween #90s"
HAL-013,2026-10-13,rendered,already cut,GM-halloweentown-cesa.mp4,"Debbie Reynolds was 66 when she played Aggie Cromwell.

Halloweentown premiered on the Disney Channel in 1998. The character every kid remembers as the fearless one, the one who knew what she was doing, was played by a woman in her 60s.

That is the actual message of the film.

Comment SEASONAL and I'll send you the weekly note.","Debbie Reynolds was 66 when she played Aggie Cromwell.

Halloweentown premiered on the Disney Channel in 1998. The character every kid remembers as the fearless one, the one who knew what she was doing, was played by a woman in her 60s.

That is the actual message of the film.

Comment SEASONAL and I'll send you the weekly note.

https://consider-this.subscribepage.io","Debbie Reynolds was 66 when she played Aggie Cromwell.

Halloweentown premiered in 1998. The character every kid remembers as the fearless one was played by a woman in her 60s.

That is the actual message of the film.

Follow for the real one, every season. The note is in my bio.

#LearnOnTikTok #halloween #womenover40"
HAL-017,2026-10-15,rendered,already cut,GM-the-mare.mp4,"Nightmare used to name one specific thing.

A mare was a spirit people believed sat on a sleeper's chest. The weight, the not being able to move, the certainty something is in the room. We call it sleep paralysis now.

They had a word for it before they had an explanation.

Comment SEASONAL and I'll send you the weekly note.","Nightmare used to name one specific thing.

A mare was a spirit people believed sat on a sleeper's chest. The weight, the not being able to move, the certainty something is in the room. We call it sleep paralysis now.

They had a word for it before they had an explanation.

Comment SEASONAL and I'll send you the weekly note.

https://consider-this.subscribepage.io","Nightmare used to name one specific thing.

A mare was a spirit believed to sit on a sleeper's chest. The weight, the not being able to move. We call it sleep paralysis now.

They had a word for it before they had an explanation.

Follow for the real one, every season. The note is in my bio.

#LearnOnTikTok #history #etymology"
HAL-005,2026-10-17,to render,"single low cello note, held","a bell, a rope, dark earth","Victorians were frightened enough of being buried alive to patent a way out.

Safety coffins came with bells, ropes and breathing tubes. Christian Eisenbrandt patented one in the United States in 1843.

A whole industry grew around a fear nobody would say out loud.

Comment SEASONAL and I'll send you the weekly note.","Victorians were frightened enough of being buried alive to patent a way out.

Safety coffins came with bells, ropes and breathing tubes. Christian Eisenbrandt patented one in the United States in 1843.

A whole industry grew around a fear nobody would say out loud.

Comment SEASONAL and I'll send you the weekly note.

https://consider-this.subscribepage.io","Victorians were frightened enough of being buried alive to patent a way out.

Safety coffins came with bells, ropes and breathing tubes. Christian Eisenbrandt patented one in 1843.

A whole industry grew around a fear nobody would say out loud.

Follow for the real one, every season. The note is in my bio.

#LearnOnTikTok #history #victorian"
HAL-018,2026-10-25,to render,"near silence, one struck tone","a stone, dry ground, low sun","They put a stone in the child's mouth.

A Roman era grave excavated at Lugnano in Italy held a stone placed deliberately, one of a set of burials archaeologists read as meant to stop the dead returning.

Every generation does something physical about a fear it cannot argue with. Ours is just quieter.

Comment SEASONAL and I'll send you the weekly note.","They put a stone in the child's mouth.

A Roman era grave excavated at Lugnano in Italy held a stone placed deliberately, one of a set of burials archaeologists read as meant to stop the dead returning.

Every generation does something physical about a fear it cannot argue with. Ours is just quieter.

Comment SEASONAL and I'll send you the weekly note.

https://consider-this.subscribepage.io","They put a stone in the child's mouth.

A Roman era grave at Lugnano in Italy held a stone placed deliberately, one of a set of burials read as meant to stop the dead returning.

Every generation does something physical about a fear it cannot argue with.

Follow for the real one, every season. The note is in my bio.

#LearnOnTikTok #archaeology #history"
HAL-016,2026-10-30,rendered,already cut,GM-winchester-cesa.mp4,"Sarah Winchester built for more than 35 years and never said why.

No blueprints. No interviews. Every theory about that house was written after she died, by people who needed a reason for it.

She did not owe anyone the explanation.

Comment SEASONAL and I'll send you the weekly note.","Sarah Winchester built for more than 35 years and never said why.

No blueprints. No interviews. Every theory about that house was written after she died, by people who needed a reason for it.

She did not owe anyone the explanation.

Comment SEASONAL and I'll send you the weekly note.

https://consider-this.subscribepage.io","Sarah Winchester built for more than 35 years and never said why.

No blueprints. No interviews. Every theory was written after she died, by people who needed a reason.

She did not owe anyone the explanation.

Follow for the real one, every season. The note is in my bio.

#LearnOnTikTok #history #womeninhistory"
HAL-001,2026-10-31,rendered,already cut,GM-samhain-the-turn.mp4,"Halloween was never about fear.

It grew out of Samhain, the Gaelic festival marking the end of harvest and the start of winter, when the boundary between this world and the next was believed to thin.

It was about the year turning, and needing a ritual for the dark half of it.

Comment SEASONAL and I'll send you the weekly note.","Halloween was never about fear.

It grew out of Samhain, the Gaelic festival marking the end of harvest and the start of winter, when the boundary between this world and the next was believed to thin.

It was about the year turning, and needing a ritual for the dark half of it.

Comment SEASONAL and I'll send you the weekly note.

https://consider-this.subscribepage.io","Halloween was never about fear.

It grew out of Samhain, the festival marking the end of harvest and the start of winter, when the boundary was believed to thin.

It was about the year turning, and needing a ritual for the dark half of it.

Follow for the real one, every season. The note is in my bio.

#LearnOnTikTok #halloween #samhain"
