id,postTimeUTC,label,platform,accountId
4236592,2026-09-10T15:00,Disney would not put its name on The Nightma,instagram,45886
3709373,2026-09-10T17:00,Becoming her does not look aesthetic and I n,instagram,45886
4231020,2026-09-10T20:00,The season sells you fear.,instagram,45886
3835223,2026-09-10T22:50,Your lint screen is clean. The duct behind i,instagram,45886
4093042,2026-09-11T00:00,She is 19 and bath day is not a fight.,instagram,65540
4019127,2026-09-11T15:00,I wrote the AI guide I needed 60 days ago an,instagram,45886
4231043,2026-09-11T18:00,The floor changes in this. She doesn't.,instagram,45886
4236595,2026-09-11T20:00,Nightmare named a specific thing.,instagram,45886
4231044,2026-09-11T23:00,"Free. 1 page. Don't do all of it, pick 1 lin",instagram,45886
4093063,2026-09-12T00:00,She still comes to find me.,instagram,65540
4059560,2026-09-12T15:00,Sarah Winchester built for more than 35 year,instagram,45886
4231058,2026-09-12T18:00,I refuse to spend more than 10 seconds on my,instagram,45886
4059571,2026-09-12T20:00,19 years old and she still walks out front.,instagram,45886
4059582,2026-09-12T23:00,She has her own seat and she yawns in it lik,instagram,45886
4093096,2026-09-13T00:00,She flipped over and stayed there.,instagram,65540
4231069,2026-09-13T15:00,5 things in your house that aren't doing wha,instagram,45886
3732518,2026-09-13T17:00,"POV, you peed in Mom's office.",instagram,45886
4189715,2026-09-13T20:00,Halloweentown premiered on the Disney Channe,instagram,45886
4059603,2026-09-13T23:00,She picked the blanket with the gold on it.,instagram,45886
4093108,2026-09-14T00:00,Black and gold girl on her black and gold bl,instagram,65540
4189723,2026-09-14T15:00,Hocus Pocus was a flop.,instagram,45886
4216880,2026-09-14T18:00,Microwaving your sponge doesn't sanitize it.,instagram,45886
3691551,2026-09-14T20:00,"Slow, steady, and figuring it out as I go. F",instagram,45886
3472650,2026-09-14T23:00,Stopped somewhere new and the atmosphere alo,instagram,45886
4093090,2026-09-15T00:00,"The full spa treatment, age 19.",instagram,65540
4231110,2026-09-15T15:00,"The glow up is not always a new body, a new ",instagram,45886
3732531,2026-09-15T17:00,Unhinged gratitude hours.,instagram,45886
4231112,2026-09-15T20:00,Jack o lanterns were turnips.,instagram,45886
3691541,2026-09-15T23:00,The next upload is usually the one that chan,instagram,45886
4093118,2026-09-16T00:00,Her seat. Her blanket. Her sunbeam.,instagram,65540
4231124,2026-09-16T15:00,5 books that are free forever. Not free for ,instagram,45886
4231131,2026-09-16T18:00,You do not need to be 10 years ahead on AI. ,instagram,45886
4059668,2026-09-16T20:00,I sat down to record thinking I was a few da,instagram,45886
3630610,2026-09-16T23:00,Slow mornings are underrated. Comment CESA a,instagram,45886
4093134,2026-09-17T00:00,She has opinions about how I pet her.,instagram,65540
4231143,2026-09-17T15:00,Rudolph was an ad.,instagram,45886
3926385,2026-09-17T16:30,She's 19. Every strange sleeping position ge,instagram,65540
4231144,2026-09-17T18:00,Somebody decided children deserved their own,instagram,45886
4059588,2026-09-17T20:00,Disney would not put its own name on The Nig,instagram,45886
4231145,2026-09-17T23:00,I read 9 books last year without sitting dow,instagram,45886
4059647,2026-09-18T15:00,Nightmare used to name one specific thing.,instagram,45886
3927278,2026-09-18T16:30,,instagram,65540
3732555,2026-09-18T17:00,,instagram,45886
4231170,2026-09-18T20:00,,instagram,45886
3824827,2026-09-18T23:00,,instagram,45886
4249440,2026-09-19T15:00,"🧊 Every Rubik's Cube, every scramble that ha",instagram,45886
4137853,2026-09-30T15:00,,instagram,45886
4137937,2026-10-31T15:00,,instagram,45886
