BlotatoId,OriginalSlotUTC,Platform,AccountId,Handle,Lane,MediaUrls,Text,TargetJSON,Status
4019152,2026-09-19 15:00,instagram,45886,thegentlemuse2026,halloween,https://database.blotato.io/storage/v1/object/public/public_media/5472a21c-0213-4305-8693-b19295e4d67e/208a364b-1b12-4b9d-90ef-2a5c7ea8182a.jpeg,"6 automations I was counting on had quietly stopped running. Every one of them still said enabled.

I only found out because I went and opened the actual output instead of trusting the dashboard. 12 days of my own logging had broken too, and I never noticed that either.

A broken readout looks broken. A broken retelling looks like good news. That difference cost me 12 days.

That's what Tuesdays are for now. 1 thing I learned the hard way building a real business with AI, after my shift, on 1 income, with the mistakes left in. No theory. Just the receipts.

Comment TUESDAY and I'll add you.","{""targetType"":""instagram""}",reloaded
4059657,2026-09-19 17:00,tiktok,41488,thegentlemuse2026,halloween,https://database.blotato.io/storage/v1/object/public/public_media/5472a21c-0213-4305-8693-b19295e4d67e/3f87bdbb-4816-46cc-b7b7-536698238dc1.mp4,"Nightmare used to name one specific thing.

A mare was a spirit people believed sat on a sleeper's chest. The weight, the not being able to move, the certainty something is in the room. We call it sleep paralysis now.

They had a word for it before they had an explanation.

Halloween is 45 days out.

Follow for the real one, every season. The note is in my bio.

#LearnOnTikTok #history #etymology","{""targetType"":""tiktok"",""isYourBrand"":false,""disabledDuet"":false,""privacyLevel"":""PUBLIC_TO_EVERYONE"",""isAiGenerated"":true,""disabledStitch"":false,""disabledComments"":false,""isBrandedContent"":false}",reloaded
3732570,2026-09-19 17:10,facebook,30840,,halloween,https://database.blotato.io/storage/v1/object/public/public_media/5472a21c-0213-4305-8693-b19295e4d67e/506bafa2-ba92-4b71-ae06-cc73657a23cd.mp4,"I sat down to record thinking I was a few days into this, then checked and realized I was much further along than I thought.

Spent the whole week feeling behind on something I was already doing. Has anyone else done that, or is it just me.","{""pageId"":""1086399221215093"",""mediaType"":""reel"",""targetType"":""facebook""}",in-reservoir
4059765,2026-09-19 20:00,instagram,45886,thegentlemuse2026,halloween,https://database.blotato.io/storage/v1/object/public/public_media/5472a21c-0213-4305-8693-b19295e4d67e/4d1ba53c-33b9-4bfd-8372-48a6fb039501.mp4,"Becoming her does not look aesthetic and I need everyone to know that.

It is laundry on the bed. It is the same 3 meals. It is doing the boring version of the thing on the day you do not feel like the person who does it.

Nobody films the part that actually works.

Comment RESET and I'll send you the checklist.","{""mediaType"":""reel"",""targetType"":""instagram""}",in-reservoir
4056482,2026-09-20 15:00,instagram,45886,thegentlemuse2026,halloween,https://database.blotato.io/storage/v1/object/public/public_media/5472a21c-0213-4305-8693-b19295e4d67e/432a7329-c61f-4000-ba67-cfce4b4509e7.png,"Free. 1 page. Don't do all of it, pick 1 line and do that one. For the weeks when the plan got too heavy to start.","{""targetType"":""instagram""}",reloaded
3732576,2026-09-20 17:10,facebook,30840,,halloween,https://database.blotato.io/storage/v1/object/public/public_media/5472a21c-0213-4305-8693-b19295e4d67e/74c42491-bbdb-4cec-8784-ac80eab9476a.mp4,"Slow, steady, and figuring it out as I go.

I am not 10 years ahead of anyone in this. I am about 10 hours ahead. Turns out that is close enough to be useful, and honest enough to be worth following.","{""pageId"":""1086399221215093"",""mediaType"":""reel"",""targetType"":""facebook""}",in-reservoir
3939602,2026-09-21 17:10,facebook,30840,,halloween,https://database.blotato.io/storage/v1/object/public/public_media/5472a21c-0213-4305-8693-b19295e4d67e/1d84a8ec-11bb-4504-b846-f41e09235acb.jpeg,"5 books that are free forever. Not free for 30 days.

Meditations. As a Man Thinketh. The Richest Man in Babylon. Think and Grow Rich.

Public domain. No account, no waitlist, no card.

Comment PLAY and I'll send you the full list.","{""pageId"":""1086399221215093"",""targetType"":""facebook"",""firstComment"":""Prefer the link? https://press-play.subscribepage.io""}",reloaded
3939604,2026-09-21 17:20,youtube,36129,,halloween,https://database.blotato.io/storage/v1/object/public/public_media/5472a21c-0213-4305-8693-b19295e4d67e/1e2ff858-1083-4468-a192-a9000b55c39e.png,"Green tea, aloe, and a lather that never picks a fight with sensitive skin. Raw Sugar's gentle body wash, found at Target. I'm a Target partner, so I may earn rewards or commission when you shop my link, at no extra cost to you.

https://club.target.com/s/amanda.20/_/sku/94837564
#gentlemuse #shorts","{""title"":""Green tea, aloe, and a lather that never picks a fight with sensitive skin"",""targetType"":""youtube"",""privacyStatus"":""public"",""shouldNotifySubscribers"":false}",in-reservoir
3939598,2026-09-21 23:00,instagram,45886,thegentlemuse2026,halloween,https://database.blotato.io/storage/v1/object/public/public_media/5472a21c-0213-4305-8693-b19295e4d67e/007d6b00-d0a8-4280-ba0e-3ac99f5554f0.jpeg,"Bookmarking is not listening.

You saved 40 recommendations this year. You finished how many? Saving is not the same as finishing.

Pick the short one. Under an hour, free right now. Finish 1 thing today. That is the whole assignment.

Comment PLAY and I'll send you the list.","{""targetType"":""instagram""}",reloaded
3939611,2026-09-21 23:00,tiktok,41488,thegentlemuse2026,halloween,https://database.blotato.io/storage/v1/object/public/public_media/5472a21c-0213-4305-8693-b19295e4d67e/18bee17d-ff27-4cd6-a6bb-bfb40bfb16fd.jpeg,"I read 9 books last year without sitting down once.

Not a reading habit. A listening habit. None of it was extra time. The list is built for half attention.

5 free forever, 5 library borrows. Not 50 books. 10.

Full list is in my bio.

#LearnOnTikTok #audiobooks #booktok","{""targetType"":""tiktok"",""isYourBrand"":false,""disabledDuet"":false,""privacyLevel"":""PUBLIC_TO_EVERYONE"",""isAiGenerated"":false,""disabledStitch"":false,""disabledComments"":false,""isBrandedContent"":false}",reloaded
4024193,2026-09-22 13:30,linkedin,20723,,magnet,https://database.blotato.io/storage/v1/object/public/public_media/5472a21c-0213-4305-8693-b19295e4d67e/72d18e2e-9bf2-4cbc-82c3-215face1d902.jpeg,"Today's issue went out this morning, and it's about the 1 question that saves you a month.

When AI won't do the thing, most people ask how to prompt it better. That's the wrong question. The right one is: is the model failing, or is the thing I'm pointing it at refusing to be driven?

Those need completely different fixes. I lost most of a month to not asking it. I searched all 383 interfaces on a platform to prove where the wall actually was, and the wall was a text box that won't accept typed input. The model was never the problem.

You do not need to be 10 years ahead on AI. About 10 hours is enough.

Follow along here for the short version. The letter itself lands Tuesday mornings.

https://just-another-tuesday-gm.subscribepage.io","{""targetType"":""linkedin""}",reloaded
4056284,2026-09-22 15:00,instagram,45886,thegentlemuse2026,halloween,https://database.blotato.io/storage/v1/object/public/public_media/5472a21c-0213-4305-8693-b19295e4d67e/78f47745-103d-4c38-8515-af55b0b924cf.jpeg,"You do not need to be 10 years ahead on AI. About 10 hours is enough. A free 59 page guide in plain language, written by someone who was 60 days in, not 10 years.","{""targetType"":""instagram""}",reloaded
3939608,2026-09-22 17:10,facebook,30840,,home,https://database.blotato.io/storage/v1/object/public/public_media/5472a21c-0213-4305-8693-b19295e4d67e/1fbfb282-6516-4486-b8d4-d87d41129a79.png,"Your sponge isn't sanitized after microwaving. Your towels aren't old, they're coated. 1 free email a week about the things in your home you've stopped noticing.

https://consider-this.subscribepage.io","{""pageId"":""1086399221215093"",""targetType"":""facebook""}",reloaded
3939606,2026-09-22 23:00,instagram,45886,thegentlemuse2026,halloween,https://database.blotato.io/storage/v1/object/public/public_media/5472a21c-0213-4305-8693-b19295e4d67e/017df435-be70-4c89-9cd3-d8b9998ff865.jpeg,"5 books that are free forever. Not free for 30 days.

Meditations. As a Man Thinketh. The Richest Man in Babylon. Think and Grow Rich.

Public domain. No account, no waitlist, no card.

Comment PLAY and I'll send you the list.","{""targetType"":""instagram""}",reloaded
3939616,2026-09-22 23:00,tiktok,41488,thegentlemuse2026,halloween,https://database.blotato.io/storage/v1/object/public/public_media/5472a21c-0213-4305-8693-b19295e4d67e/1f2b99da-bd73-45e7-83b1-71a874c5da72.jpeg,"I used to say I had no time to read. Then I counted the drive.

The drive, the dishes, the laundry, groceries. Almost 2 hours a day with my hands busy and my ears free.

I didn't add anything to my day. I stopped filling that time with scrolling.

Full list is in my bio.

#LearnOnTikTok #audiobooks #timemanagement","{""targetType"":""tiktok"",""isYourBrand"":false,""disabledDuet"":false,""privacyLevel"":""PUBLIC_TO_EVERYONE"",""isAiGenerated"":false,""disabledStitch"":false,""disabledComments"":false,""isBrandedContent"":false}",reloaded
4056328,2026-09-23 13:30,linkedin,20723,,home,https://database.blotato.io/storage/v1/object/public/public_media/5472a21c-0213-4305-8693-b19295e4d67e/aeef98fe-07e3-4701-a9a8-788111346cfe.jpeg,"Your towels aren't old. They're coated.

Fabric softener leaves a film behind, and that film is exactly what makes them feel soft. It also repels water, which is the opposite of a towel's job.

It builds up slowly over months, so it feels like the towel just wore out. It didn't. Wash them hot with vinegar and no softener, and they come back.

Save this for the next laundry day. Send it to whoever buys the softener.

The weekly note is here:

https://consider-this.subscribepage.io","{""targetType"":""linkedin""}",in-reservoir
3939626,2026-09-23 15:00,instagram,45886,thegentlemuse2026,halloween,https://database.blotato.io/storage/v1/object/public/public_media/5472a21c-0213-4305-8693-b19295e4d67e/295d9891-6f03-4381-ba08-03aa8ae11596.mp4,"I refuse to spend more than 10 seconds on my brows. Whatever they decide to do after that is between them and the universe. How long do you actually give yours? 👇

#gentlemuse #womenover40 #lowmaintenance #getreadywithme #letschat","{""targetType"":""instagram""}",reloaded
3939636,2026-09-23 17:10,facebook,30840,,halloween,https://database.blotato.io/storage/v1/object/public/public_media/5472a21c-0213-4305-8693-b19295e4d67e/2b0d0f4c-f0b5-43a3-95ad-6cfa6d633679.mp4,"Can you actually eat healthy at Scooter's Coffee, or is everything just dessert wearing a breakfast costume? I went through the menu so you do not have to.

What is your regular order? 👇

Comment CONSIDER and I'll send you the weekly note. If there's an affiliate link I say so, and if something is overpriced I say that too.

https://consider-this.subscribepage.io","{""pageId"":""1086399221215093"",""targetType"":""facebook""}",reloaded
3939641,2026-09-23 17:20,youtube,36129,,halloween,https://database.blotato.io/storage/v1/object/public/public_media/5472a21c-0213-4305-8693-b19295e4d67e/30a869c3-19fb-4939-bdbe-120fc9d91551.jpeg,"5 books that are free forever. Not free for 30 days.

Meditations. As a Man Thinketh. The Richest Man in Babylon. Think and Grow Rich.

Public domain. No account, no waitlist, no card.

Full list: https://press-play.subscribepage.io
#gentlemuse #shorts","{""title"":""5 books that are free forever"",""targetType"":""youtube"",""privacyStatus"":""public"",""shouldNotifySubscribers"":false}",in-reservoir
3939628,2026-09-23 23:00,instagram,45886,thegentlemuse2026,halloween,https://database.blotato.io/storage/v1/object/public/public_media/5472a21c-0213-4305-8693-b19295e4d67e/08dff3fb-2525-4530-9c21-0a7635c629e9.jpeg,"I read 9 books last year without sitting down once.

Not a reading habit. A listening habit. None of it was extra time. The list is built for half attention.

5 free forever, 5 library borrows. Not 50 books. 10.

Comment PLAY and I'll send you the list.","{""targetType"":""instagram""}",reloaded
4056365,2026-09-24 13:30,linkedin,20723,,home,https://database.blotato.io/storage/v1/object/public/public_media/5472a21c-0213-4305-8693-b19295e4d67e/b9f41b20-3e3c-4c39-8579-ad7c54f6feab.jpeg,"The highest rated furnace filter might be the wrong one for your house.

Those numbers measure how fine the mesh is, not how good the filter is. A denser filter catches more, and it also makes your blower work harder to pull air through it. On an older system that shows up as weaker airflow, longer run times, and a unit that wears out sooner.

Most houses do not need the top of the shelf. They need the right one, changed on time.

The weekly note is here. 1 overlooked thing in your home, every week.

https://consider-this.subscribepage.io","{""targetType"":""linkedin""}",in-reservoir
4056298,2026-09-24 15:00,instagram,45886,thegentlemuse2026,cesa,https://database.blotato.io/storage/v1/object/public/public_media/5472a21c-0213-4305-8693-b19295e4d67e/000820c0-3083-4dcb-9470-484e3350b8c6.mp4,"She hears the car before the door.

By the time I am inside she is already up, and getting up takes her longer than it used to. Nails on the floor, no bark, just the walk toward me.

She has no idea how the shift went. She is not going to ask. She waited all day for this exact 4 seconds, and then she goes back to her spot.

Comment CESA and I'll send you what I wrote about her.

#seniordog #chihuahua #dogmom #cesasgoldenyears","{""mediaType"":""reel"",""targetType"":""instagram""}",in-reservoir
3939649,2026-09-24 17:10,facebook,30840,,halloween,https://database.blotato.io/storage/v1/object/public/public_media/5472a21c-0213-4305-8693-b19295e4d67e/329c16e4-319b-4199-b4b4-91e2b0f2c5a7.mp4,"The older I get, the more I understand why people stop going out for everything.

No wait, no noise, nobody rushing the table. Sometimes the best table in town is a paper plate, a good steak, and quiet in your own kitchen. That used to sound like giving something up. Now it mostly sounds like peace.

When did staying in start winning for you? 👇

Comment RESET and I'll send you the Gentle Self-Reset Checklist. Free, and short on purpose.

https://payhip.com/b/9FE2U","{""pageId"":""1086399221215093"",""targetType"":""facebook""}",reloaded
3939653,2026-09-25 15:00,instagram,45886,thegentlemuse2026,cesa,https://database.blotato.io/storage/v1/object/public/public_media/5472a21c-0213-4305-8693-b19295e4d67e/048f834c-d9f8-4f70-8887-9eda58010f92.mp4,"She checks the whole yard, patch by patch.

Out in the grass in her pink harness, leash trailing behind her. Nose down for a stretch, then head up, then moving again. The dandelions are open. Part of the yard is in sun and part is in shade, and she walks through both.

Not much happens here. She goes slow and covers the ground she wants to cover, and at the end she stops and looks up at me.

Follow along for more of her. The rest is in the highlights.

#seniordog #chihuahua #dogsofinstagram #backyard #dandelions","{""targetType"":""instagram""}",in-reservoir
3939658,2026-09-25 17:10,facebook,30840,,halloween,https://database.blotato.io/storage/v1/object/public/public_media/5472a21c-0213-4305-8693-b19295e4d67e/46fda242-6a84-45a4-bd42-4f28e7c437ae.mp4,"Math really said work smarter, and honestly it has a point.

Symmetry quietly doing the heavy lifting so nobody has to count the whole thing twice. I was not a math person in school, and facts like this are the reason I wish somebody had shown me this side of it.

Were you a math person, or absolutely not? 👇

Comment CONSIDER and I'll send you the weekly note. 1 thing worth noticing, every week, then back to your life.

https://consider-this.subscribepage.io","{""pageId"":""1086399221215093"",""targetType"":""facebook""}",reloaded
3939660,2026-09-25 17:20,youtube,36129,,halloween,https://database.blotato.io/storage/v1/object/public/public_media/5472a21c-0213-4305-8693-b19295e4d67e/53be24ff-3114-45d9-b7cd-d090702a519f.mp4,"Math really said work smarter, and honestly it has a point. Symmetry quietly doing the heavy lifting so nobody has to count twice. Were you a math person, or absolutely not? 👇

https://payhip.com/b/9FE2U
#gentlemuse #shorts","{""title"":""Math really said work smarter, and honestly it has a point"",""targetType"":""youtube"",""privacyStatus"":""public"",""shouldNotifySubscribers"":false}",reloaded
3939655,2026-09-25 23:00,tiktok,41488,thegentlemuse2026,halloween,https://database.blotato.io/storage/v1/object/public/public_media/5472a21c-0213-4305-8693-b19295e4d67e/44dfb547-58ea-4d73-9d58-e3f0c464e779.jpeg,"Bookmarking is not listening.

You saved 40 recommendations this year. You finished how many? Saving is not the same as finishing.

Pick the short one. Under an hour, free right now. Finish 1 thing today.

Full list is in my bio.

#LearnOnTikTok #audiobooks #readingtips","{""targetType"":""tiktok"",""isYourBrand"":false,""disabledDuet"":false,""privacyLevel"":""PUBLIC_TO_EVERYONE"",""isAiGenerated"":false,""disabledStitch"":false,""disabledComments"":false,""isBrandedContent"":false}",reloaded
3709356,2026-09-26 15:00,instagram,45886,thegentlemuse2026,cesa,https://database.blotato.io/storage/v1/object/public/public_media/5472a21c-0213-4305-8693-b19295e4d67e/000820c0-3083-4dcb-9470-484e3350b8c6.mp4,"Coming home to something that does not care how the day went, what got done, or what did not.

No follow up questions. No how was work. She just wants me back in the house and that is the entire performance review.

Comment CESA and I'll send you the Thursday note.

#gentlemuse #seniordog #chihuahua #dogmom #cesasgoldenyears","{""mediaType"":""reel"",""targetType"":""instagram""}",in-reservoir
4019138,2026-09-27 15:00,instagram,45886,thegentlemuse2026,cesa,https://database.blotato.io/storage/v1/object/public/public_media/5472a21c-0213-4305-8693-b19295e4d67e/941b1b26-e700-4ed4-a6c3-bb25e9dba571.mp4,"The floor changes in this. She doesn't.

Different rooms, different jobs, different stretches I did not talk about out loud. Same small dog on the floor in the same 3 feet, chin down, waiting for me to be done with whatever it was.

She has been here for 10 of her 19 years. She was never impressed by any of it.

Nothing happens in this clip. She lies down. I keep going. That was the whole arrangement.

What keeps her comfortable now is written down. 15 pages, free, no clinic language.

Comment CESA and I'll send it to you.

#seniordog #seniordogcare #chihuahua #dogmom","{""mediaType"":""reel"",""targetType"":""instagram""}",reloaded
3970846,2026-09-28 17:20,youtube,36129,,halloween,https://database.blotato.io/storage/v1/object/public/public_media/5472a21c-0213-4305-8693-b19295e4d67e/69c88c15-cb08-470b-8cc3-5bb61953b6f9.mp4,"Nature looked at the design and added a few more.

Free Reset Guide: https://payhip.com/b/9FE2U

#gentlemuse #randomfacts #shorts","{""title"":""Nature looked at the design and added a few more"",""targetType"":""youtube"",""privacyStatus"":""public"",""shouldNotifySubscribers"":false}",reloaded
4056400,2026-09-28 23:00,instagram,45886,thegentlemuse2026,halloween,https://database.blotato.io/storage/v1/object/public/public_media/5472a21c-0213-4305-8693-b19295e4d67e/a5033ea6-5043-4372-a4c4-eeff50c30b73.jpeg,"10 books you can listen to for free while you fold laundry.

5 are free forever. No account, no card, no trial clock. The other 5 are free library borrows, and a library card is not a subscription. Nothing to cancel. You are never charged.

When a book has a waitlist on one app, check the other. They stock differently. That's how half my list stays free.

I'd rather you finish 2 than bookmark 50.

Comment PLAY and I'll send you the list.

#freeaudiobooks #library #gentlemuse #booktok","{""targetType"":""instagram""}",in-reservoir
3970853,2026-09-29 13:30,linkedin,20723,,home,https://database.blotato.io/storage/v1/object/public/public_media/5472a21c-0213-4305-8693-b19295e4d67e/a1a479b8-1410-4081-914f-e47bd0e92d46.jpeg,"Your lint screen is clean. The duct behind it isn't.

That's the part that actually catches fire, and it's the part almost nobody checks. Lint gets past the screen every single load, then packs into the 4 feet of hose behind the dryer where you can't see it.

Signs it's already happening: clothes take 2 cycles to dry, the dryer is hot to the touch, the laundry room smells warm in a way it didn't used to.

It's a 10 minute job, once a year.

Follow along for the rest of these. The weekly note is here. 1 overlooked thing in your home, then back to your life.

https://consider-this.subscribepage.io","{""targetType"":""linkedin""}",in-reservoir
4161852,2026-09-29 15:00,instagram,45886,thegentlemuse2026,halloween,https://database.blotato.io/storage/v1/object/public/public_media/5472a21c-0213-4305-8693-b19295e4d67e/6e2a688c-ff90-43f1-a8e4-a1a94efc3397.mp4,"The season sells you fear.

The real stories are stranger. Starting tomorrow, 1 true thing about this season every single night until Halloween. Where it actually came from, what actually happened, and which detail everyone repeats that is wrong.

33 nights. No dark days.

Comment SEASONAL and I'll send you the weekly note.","{""mediaType"":""reel"",""targetType"":""instagram""}",reloaded
4161853,2026-09-29 15:00,tiktok,41488,thegentlemuse2026,halloween,https://database.blotato.io/storage/v1/object/public/public_media/5472a21c-0213-4305-8693-b19295e4d67e/4f537510-6799-4271-8b6c-3cce29ff4eba.mp4,"The season sells you fear.

The real stories are stranger. Starting tomorrow, 1 true thing about this season every night until Halloween. Where it came from, what actually happened, and the detail everyone repeats that is wrong.

33 nights. No dark days.

Follow so you do not miss night 1.

#LearnOnTikTok #halloween #history","{""targetType"":""tiktok"",""isYourBrand"":false,""disabledDuet"":false,""privacyLevel"":""PUBLIC_TO_EVERYONE"",""isAiGenerated"":true,""disabledStitch"":false,""disabledComments"":false,""isBrandedContent"":false}",reloaded
4161855,2026-09-29 19:00,youtube,36129,,halloween,https://database.blotato.io/storage/v1/object/public/public_media/5472a21c-0213-4305-8693-b19295e4d67e/24d5f596-4539-49a4-8d6e-493b04d40bf0.mp4,"The season sells you fear.

The real stories are stranger. Starting tomorrow, 1 true thing about this season every single night until Halloween. Where it actually came from, what actually happened, and which detail everyone repeats that is wrong.

33 nights. No dark days.

Subscribe for the real one, every season. The weekly note:
https://consider-this.subscribepage.io

#gentlemuse #halloween #shorts","{""title"":""The season sells you fear"",""targetType"":""youtube"",""isMadeForKids"":false,""privacyStatus"":""public"",""containsSyntheticMedia"":true,""shouldNotifySubscribers"":true}",reloaded
4161856,2026-09-29 19:00,facebook,30840,,halloween,https://database.blotato.io/storage/v1/object/public/public_media/5472a21c-0213-4305-8693-b19295e4d67e/96de86f7-1e94-404c-afc0-461e8d0e1b40.mp4,"The season sells you fear.

The real stories are stranger. Starting tomorrow, 1 true thing about this season every single night until Halloween. Where it actually came from, what actually happened, and which detail everyone repeats that is wrong.

33 nights. No dark days.

Comment SEASONAL and I'll send you the weekly note.

https://consider-this.subscribepage.io","{""pageId"":""1086399221215093"",""mediaType"":""reel"",""targetType"":""facebook""}",reloaded
4056423,2026-09-29 23:00,instagram,45886,thegentlemuse2026,home,https://database.blotato.io/storage/v1/object/public/public_media/5472a21c-0213-4305-8693-b19295e4d67e/7e69add9-5f5e-4ceb-a2d1-ac9e36d32ac7.jpeg,"5 things in your house that aren't doing what you think.

Your sponge isn't sanitized after you microwave it.
Your lint screen is clean, but the duct behind it isn't.
Your highest-rated furnace filter might be the wrong one for your house.
Your towels aren't old. They're coated.
Your pillow has an expiration date.

I write 1 of these a week. It's called Consider This. 1 overlooked thing in your home, what's actually going on, and whether it's worth 2 minutes of your time. No 40-step routine. No pressure to buy anything.

Comment CONSIDER and I'll send it to you.

And send this to whoever owns the sponge.

#homemaintenance #cleaningtips #gentlemuse #homehacks","{""targetType"":""instagram""}",reloaded
3970867,2026-09-30 17:20,youtube,36129,,halloween,https://database.blotato.io/storage/v1/object/public/public_media/5472a21c-0213-4305-8693-b19295e4d67e/798e6f63-11ae-45b8-822b-c53f825b40ff.jpeg,"I used to say I had no time to read. Then I counted the drive.

The drive, the dishes, the laundry, groceries. Almost 2 hours a day with my hands busy and my ears free.

I didn't add anything to my day. I stopped filling that time with scrolling.

Full list: https://press-play.subscribepage.io
#gentlemuse #shorts","{""title"":""I used to say I had no time to read"",""targetType"":""youtube"",""privacyStatus"":""public"",""shouldNotifySubscribers"":false}",in-reservoir
4137940,2026-09-30 19:00,youtube,36129,,halloween,https://database.blotato.io/storage/v1/object/public/public_media/5472a21c-0213-4305-8693-b19295e4d67e/ffc4cd7c-3570-401f-92b8-f5631c3ed7ef.mp4,"Disney would not put its own name on it.

The Nightmare Before Christmas came out under Touchstone in 1993 because the studio decided it was too dark to carry the Disney label.

The part they were embarrassed by is the part they sell every October now.

Subscribe for the real one, every season. The weekly note:
https://consider-this.subscribepage.io

#gentlemuse #halloween #shorts","{""title"":""Disney would not put its name on The Nightmare Before Christmas"",""targetType"":""youtube"",""isMadeForKids"":false,""privacyStatus"":""public"",""containsSyntheticMedia"":true,""shouldNotifySubscribers"":true}",reloaded
4137942,2026-09-30 19:00,facebook,30840,,halloween,https://database.blotato.io/storage/v1/object/public/public_media/5472a21c-0213-4305-8693-b19295e4d67e/fea20a18-d60f-400d-a32f-9e6ccbd78b12.mp4,"Disney would not put its own name on it.

The Nightmare Before Christmas came out under Touchstone in 1993 because the studio decided it was too dark to carry the Disney label.

The part they were embarrassed by is the part they sell every October now.

Comment SEASONAL and I'll send you the weekly note.

https://consider-this.subscribepage.io","{""pageId"":""1086399221215093"",""mediaType"":""reel"",""targetType"":""facebook""}",reloaded
3970818,2026-09-30 23:00,tiktok,41488,thegentlemuse2026,halloween,https://database.blotato.io/storage/v1/object/public/public_media/5472a21c-0213-4305-8693-b19295e4d67e/5d5c9ae5-abfd-42f7-9d0e-c8a064c2470e.mp4,"Your body moves before your brain finishes the sentence.

Free Reset Guide: https://payhip.com/b/9FE2U

#LearnOnTikTok #randomfacts #shorts","{""targetType"":""tiktok"",""isYourBrand"":false,""disabledDuet"":false,""privacyLevel"":""PUBLIC_TO_EVERYONE"",""isAiGenerated"":false,""disabledStitch"":false,""disabledComments"":false,""isBrandedContent"":false}",reloaded
4056426,2026-09-30 23:00,instagram,45886,thegentlemuse2026,magnet,https://database.blotato.io/storage/v1/object/public/public_media/5472a21c-0213-4305-8693-b19295e4d67e/eda8cee2-891a-4175-91bd-93500812211e.jpeg,"Today's issue went out this morning, and it's about the 1 question that saves you a month.

When AI won't do the thing, most people ask how to prompt it better. That's the wrong question. The right one is: is the model failing, or is the thing I'm pointing it at refusing to be driven?

Those need completely different fixes. I lost most of a month to not asking it. I searched all 383 interfaces on a platform to prove where the wall actually was, and the wall was a text box that won't accept typed input. The model was never the problem.

You do not need to be 10 years ahead on AI. About 10 hours is enough.

Comment TUESDAY and I'll add you.

#buildinpublic #aitools #gentlemuse #aiforbeginners","{""targetType"":""instagram""}",reloaded
4137856,2026-10-01 15:00,instagram,45886,thegentlemuse2026,halloween,https://database.blotato.io/storage/v1/object/public/public_media/5472a21c-0213-4305-8693-b19295e4d67e/afe4cff5-2d64-40f2-a4a8-6a30a74b6a48.mp4,"Jack o lanterns were turnips.

Ireland and Scotland carved them out of turnips and beets for centuries. Irish immigrants switched to pumpkins in America because they were bigger and easier to hollow out.

The ritual mattered. The turnip did not.

Comment SEASONAL and I'll send you the weekly note.","{""mediaType"":""reel"",""targetType"":""instagram""}",reloaded
4137857,2026-10-01 15:00,tiktok,41488,thegentlemuse2026,halloween,https://database.blotato.io/storage/v1/object/public/public_media/5472a21c-0213-4305-8693-b19295e4d67e/aed8e495-1911-4f8e-817d-0e54c31a3b4e.mp4,"Jack o lanterns were turnips.

Ireland and Scotland carved turnips and beets for centuries. Irish immigrants switched to pumpkins in America because they were easier to hollow.

The ritual mattered. The turnip did not.

Follow for the real one, every season. The note is in my bio.

#LearnOnTikTok #halloween #history","{""targetType"":""tiktok"",""isYourBrand"":false,""disabledDuet"":false,""privacyLevel"":""PUBLIC_TO_EVERYONE"",""isAiGenerated"":true,""disabledStitch"":false,""disabledComments"":false,""isBrandedContent"":false}",reloaded
4137945,2026-10-01 19:00,youtube,36129,,halloween,https://database.blotato.io/storage/v1/object/public/public_media/5472a21c-0213-4305-8693-b19295e4d67e/d4d28cf4-c3d0-4380-952a-0a7d24bde412.mp4,"Nightmare used to name one specific thing.

A mare was a spirit people believed sat on a sleeper's chest. The weight, the not being able to move, the certainty something is in the room. We call it sleep paralysis now.

They had a word for it before they had an explanation.

Subscribe for the real one, every season. The weekly note:
https://consider-this.subscribepage.io

#gentlemuse #history #shorts","{""title"":""Nightmare used to name one specific thing"",""targetType"":""youtube"",""isMadeForKids"":false,""privacyStatus"":""public"",""containsSyntheticMedia"":true,""shouldNotifySubscribers"":true}",reloaded
4137947,2026-10-01 19:00,facebook,30840,,halloween,https://database.blotato.io/storage/v1/object/public/public_media/5472a21c-0213-4305-8693-b19295e4d67e/e4b3adcd-25ea-4df2-b974-3162e5d0c552.mp4,"Nightmare used to name one specific thing.

A mare was a spirit people believed sat on a sleeper's chest. The weight, the not being able to move, the certainty something is in the room. We call it sleep paralysis now.

They had a word for it before they had an explanation.

Comment SEASONAL and I'll send you the weekly note.

https://consider-this.subscribepage.io","{""pageId"":""1086399221215093"",""mediaType"":""reel"",""targetType"":""facebook""}",reloaded
4137859,2026-10-02 15:00,instagram,45886,thegentlemuse2026,halloween,https://database.blotato.io/storage/v1/object/public/public_media/5472a21c-0213-4305-8693-b19295e4d67e/180e5fa3-2c74-4546-af83-a6da86bb1c99.mp4,"Somebody decided children deserved their own night.

Nickelodeon launched SNICK in August 1992. 2 hours on a Saturday, programmed entirely for kids, in the slot adults had always owned.

It worked because it was theirs, not because it was gentle.

Comment SEASONAL and I'll send you the weekly note.","{""mediaType"":""reel"",""targetType"":""instagram""}",reloaded
4137860,2026-10-02 15:00,tiktok,41488,thegentlemuse2026,halloween,https://database.blotato.io/storage/v1/object/public/public_media/5472a21c-0213-4305-8693-b19295e4d67e/bb92031b-0140-4e88-82dd-26f1be778d3c.mp4,"Somebody decided children deserved their own night.

Nickelodeon launched SNICK in August 1992. 2 hours on a Saturday, programmed entirely for kids.

It worked because it was theirs, not because it was gentle.

Follow for the real one, every season. The note is in my bio.

#LearnOnTikTok #90s #nostalgia","{""targetType"":""tiktok"",""isYourBrand"":false,""disabledDuet"":false,""privacyLevel"":""PUBLIC_TO_EVERYONE"",""isAiGenerated"":true,""disabledStitch"":false,""disabledComments"":false,""isBrandedContent"":false}",reloaded
4137953,2026-10-02 19:00,youtube,36129,,halloween,https://database.blotato.io/storage/v1/object/public/public_media/5472a21c-0213-4305-8693-b19295e4d67e/50917a59-ca12-4a3d-a178-474e9122fc0c.mp4,"Goosebumps was dismissed by every serious critic who looked at it.

Books in 1992, television by 1995, and R.L. Stine writing at roughly one a month. Fast, cheap, and for children.

It taught a whole generation that a chapter ending on a hook is worth staying up for.

Subscribe for the real one, every season. The weekly note:
https://consider-this.subscribepage.io

#gentlemuse #90s #shorts","{""title"":""Goosebumps was dismissed by every serious critic"",""targetType"":""youtube"",""isMadeForKids"":false,""privacyStatus"":""public"",""containsSyntheticMedia"":true,""shouldNotifySubscribers"":true}",reloaded
4137959,2026-10-02 19:00,facebook,30840,,halloween,https://database.blotato.io/storage/v1/object/public/public_media/5472a21c-0213-4305-8693-b19295e4d67e/a0f0b17e-153f-4b21-9b7a-2e1d05168840.mp4,"Goosebumps was dismissed by every serious critic who looked at it.

Books in 1992, television by 1995, and R.L. Stine writing at roughly one a month. Fast, cheap, and for children.

It taught a whole generation that a chapter ending on a hook is worth staying up for.

Comment SEASONAL and I'll send you the weekly note.

https://consider-this.subscribepage.io","{""pageId"":""1086399221215093"",""mediaType"":""reel"",""targetType"":""facebook""}",reloaded
4137861,2026-10-03 15:00,instagram,45886,thegentlemuse2026,halloween,https://database.blotato.io/storage/v1/object/public/public_media/5472a21c-0213-4305-8693-b19295e4d67e/3808ad4e-7fba-4acd-b193-01e1f311a79e.mp4,"The scary part was never the monster.

Are You Afraid of the Dark started on Nickelodeon in 1992, and the whole format was children around a fire deciding which story was worth telling. No adult ever arrived to make it safe.

It was being trusted with the story.

Comment SEASONAL and I'll send you the weekly note.","{""mediaType"":""reel"",""targetType"":""instagram""}",in-reservoir
4137862,2026-10-03 15:00,tiktok,41488,thegentlemuse2026,halloween,https://database.blotato.io/storage/v1/object/public/public_media/5472a21c-0213-4305-8693-b19295e4d67e/5db74704-0cd3-457f-ae96-5331d919ada4.mp4,"The scary part was never the monster.

Are You Afraid of the Dark started in 1992 and the format was children around a fire deciding which story was worth telling. No adult ever arrived to make it safe.

It was being trusted with the story.

Follow for the real one, every season. The note is in my bio.

#LearnOnTikTok #90s #nostalgia","{""targetType"":""tiktok"",""isYourBrand"":false,""disabledDuet"":false,""privacyLevel"":""PUBLIC_TO_EVERYONE"",""isAiGenerated"":true,""disabledStitch"":false,""disabledComments"":false,""isBrandedContent"":false}",reloaded
4137961,2026-10-03 19:00,youtube,36129,,halloween,https://database.blotato.io/storage/v1/object/public/public_media/5472a21c-0213-4305-8693-b19295e4d67e/2cc47705-9688-451e-9054-b9c9c6a228a8.mp4,"Hocus Pocus lost money.

It opened in July 1993 against summer blockbusters, did not find an audience, and got written off. It became a Halloween fixture years later through television reruns.

It found its people 10 years late, on the wrong platform.

Subscribe for the real one, every season. The weekly note:
https://consider-this.subscribepage.io

#gentlemuse #halloween #shorts","{""title"":""Hocus Pocus lost money"",""targetType"":""youtube"",""isMadeForKids"":false,""privacyStatus"":""public"",""containsSyntheticMedia"":false,""shouldNotifySubscribers"":true}",reloaded
4137966,2026-10-03 19:00,facebook,30840,,halloween,https://database.blotato.io/storage/v1/object/public/public_media/5472a21c-0213-4305-8693-b19295e4d67e/3a6f1d40-4dd0-4c91-8391-07e269dc2b91.mp4,"Hocus Pocus lost money.

It opened in July 1993 against summer blockbusters, did not find an audience, and got written off. It became a Halloween fixture years later through television reruns.

It found its people 10 years late, on the wrong platform.

Comment SEASONAL and I'll send you the weekly note.

https://consider-this.subscribepage.io","{""pageId"":""1086399221215093"",""mediaType"":""reel"",""targetType"":""facebook""}",reloaded
4137863,2026-10-04 15:00,instagram,45886,thegentlemuse2026,halloween,https://database.blotato.io/storage/v1/object/public/public_media/5472a21c-0213-4305-8693-b19295e4d67e/57dcd730-af83-4aff-8c5b-d0f5b9da0055.mp4,"Goosebumps was dismissed by every serious critic who looked at it.

Books in 1992, television by 1995, and R.L. Stine writing at roughly one a month. Fast, cheap, and for children.

It taught a whole generation that a chapter ending on a hook is worth staying up for.

Comment SEASONAL and I'll send you the weekly note.","{""mediaType"":""reel"",""targetType"":""instagram""}",in-reservoir
4137864,2026-10-04 15:00,tiktok,41488,thegentlemuse2026,halloween,https://database.blotato.io/storage/v1/object/public/public_media/5472a21c-0213-4305-8693-b19295e4d67e/9214f68e-db0e-4979-823a-e431ffd0d629.mp4,"Goosebumps was dismissed by every serious critic who looked at it.

Books in 1992, TV by 1995, R.L. Stine writing roughly one a month. Fast, cheap, for children.

It taught a generation that a chapter ending on a hook is worth staying up for.

Follow for the real one, every season. The note is in my bio.

#LearnOnTikTok #90s #books","{""targetType"":""tiktok"",""isYourBrand"":false,""disabledDuet"":false,""privacyLevel"":""PUBLIC_TO_EVERYONE"",""isAiGenerated"":true,""disabledStitch"":false,""disabledComments"":false,""isBrandedContent"":false}",reloaded
4161876,2026-10-05 15:00,instagram,45886,thegentlemuse2026,halloween,https://database.blotato.io/storage/v1/object/public/public_media/5472a21c-0213-4305-8693-b19295e4d67e/c265a073-a660-47b1-9ad1-11bcab5a2834.jpeg|https://database.blotato.io/storage/v1/object/public/public_media/5472a21c-0213-4305-8693-b19295e4d67e/57eb7695-61f1-4091-8b93-b159e8a7f04b.jpeg|https://database.blotato.io/storage/v1/object/public/public_media/5472a21c-0213-4305-8693-b19295e4d67e/94d07b76-7d6f-4c1f-a446-0edb65d03aa3.jpeg|https://database.blotato.io/storage/v1/object/public/public_media/5472a21c-0213-4305-8693-b19295e4d67e/4d51f8c5-df0e-490e-92c4-cc1b0fcfd227.jpeg|https://database.blotato.io/storage/v1/object/public/public_media/5472a21c-0213-4305-8693-b19295e4d67e/b7d8d074-cdd7-4b53-80be-9237700afbf6.jpeg,"Jack o lanterns were turnips.

Ireland and Scotland carved them out of turnips and beets for centuries. Irish immigrants switched to pumpkins in America because they were bigger and easier to hollow out.

The ritual mattered. The turnip did not.

Comment SEASONAL and I'll send you the weekly note.","{""targetType"":""instagram""}",in-reservoir
4161878,2026-10-05 15:00,tiktok,41488,thegentlemuse2026,halloween,https://database.blotato.io/storage/v1/object/public/public_media/5472a21c-0213-4305-8693-b19295e4d67e/a1e67109-ab91-4216-b281-a629e33193ed.jpeg|https://database.blotato.io/storage/v1/object/public/public_media/5472a21c-0213-4305-8693-b19295e4d67e/11f5cd12-ad31-456f-ab29-648fcff1df2d.jpeg|https://database.blotato.io/storage/v1/object/public/public_media/5472a21c-0213-4305-8693-b19295e4d67e/79c00699-f20e-445c-aa88-732124c492b6.jpeg|https://database.blotato.io/storage/v1/object/public/public_media/5472a21c-0213-4305-8693-b19295e4d67e/12873fa8-17aa-4a3c-9c62-51009a8467f2.jpeg|https://database.blotato.io/storage/v1/object/public/public_media/5472a21c-0213-4305-8693-b19295e4d67e/b887fc29-0167-44a4-96b7-90dd79fe9998.jpeg,"Jack o lanterns were turnips.

Ireland and Scotland carved turnips and beets for centuries. Irish immigrants switched to pumpkins in America because they were easier to hollow.

The ritual mattered. The turnip did not.

Follow for the real one, every season. The note is in my bio.

#LearnOnTikTok #halloween #history","{""targetType"":""tiktok"",""isYourBrand"":false,""disabledDuet"":false,""privacyLevel"":""PUBLIC_TO_EVERYONE"",""isAiGenerated"":true,""disabledStitch"":false,""disabledComments"":false,""isBrandedContent"":false}",reloaded
4137969,2026-10-05 19:00,youtube,36129,,halloween,https://database.blotato.io/storage/v1/object/public/public_media/5472a21c-0213-4305-8693-b19295e4d67e/6a740ccc-159e-460c-8f68-78f4451d93f3.mp4,"Jack o lanterns were turnips.

Ireland and Scotland carved them out of turnips and beets for centuries. Irish immigrants switched to pumpkins in America because they were bigger and easier to hollow out.

The ritual mattered. The turnip did not.

Subscribe for the real one, every season. The weekly note:
https://consider-this.subscribepage.io

#gentlemuse #halloween #shorts","{""title"":""Jack o lanterns were turnips"",""targetType"":""youtube"",""isMadeForKids"":false,""privacyStatus"":""public"",""containsSyntheticMedia"":true,""shouldNotifySubscribers"":true}",reloaded
4137970,2026-10-05 19:00,facebook,30840,,halloween,https://database.blotato.io/storage/v1/object/public/public_media/5472a21c-0213-4305-8693-b19295e4d67e/8d6aac24-f1c4-472f-81f2-91bb7cc0f972.mp4,"Jack o lanterns were turnips.

Ireland and Scotland carved them out of turnips and beets for centuries. Irish immigrants switched to pumpkins in America because they were bigger and easier to hollow out.

The ritual mattered. The turnip did not.

Comment SEASONAL and I'll send you the weekly note.

https://consider-this.subscribepage.io","{""pageId"":""1086399221215093"",""mediaType"":""reel"",""targetType"":""facebook""}",reloaded
4137868,2026-10-06 15:00,instagram,45886,thegentlemuse2026,halloween,https://database.blotato.io/storage/v1/object/public/public_media/5472a21c-0213-4305-8693-b19295e4d67e/5ec1573f-e506-4349-a05c-e59256bc6a5b.mp4,"Casper was the first film to build its lead out of nothing at all.

1995, the first feature to carry a fully computer generated character in a leading role. Every frame of him was made rather than filmed.

A film about a ghost nobody could touch. They built him from air.

Comment SEASONAL and I'll send you the weekly note.","{""mediaType"":""reel"",""targetType"":""instagram""}",in-reservoir
4137870,2026-10-06 15:00,tiktok,41488,thegentlemuse2026,halloween,https://database.blotato.io/storage/v1/object/public/public_media/5472a21c-0213-4305-8693-b19295e4d67e/8eff48e7-30ca-4d13-9a28-cdc8afa39dc0.mp4,"Casper was the first film to build its lead out of nothing at all.

1995, the first feature with a fully computer generated character in a leading role. Every frame of him was made rather than filmed.

A ghost nobody could touch, built from air.

Follow for the real one, every season. The note is in my bio.

#LearnOnTikTok #90s #film","{""targetType"":""tiktok"",""isYourBrand"":false,""disabledDuet"":false,""privacyLevel"":""PUBLIC_TO_EVERYONE"",""isAiGenerated"":true,""disabledStitch"":false,""disabledComments"":false,""isBrandedContent"":false}",reloaded
4137971,2026-10-06 19:00,youtube,36129,,halloween,https://database.blotato.io/storage/v1/object/public/public_media/5472a21c-0213-4305-8693-b19295e4d67e/60bdb82a-0b74-4d2d-9702-e4f16f0ba9b8.mp4,"Somebody decided children deserved their own night.

Nickelodeon launched SNICK in August 1992. 2 hours on a Saturday, programmed entirely for kids, in the slot adults had always owned.

It worked because it was theirs, not because it was gentle.

Subscribe for the real one, every season. The weekly note:
https://consider-this.subscribepage.io

#gentlemuse #90s #shorts","{""title"":""Somebody decided children deserved their own night"",""targetType"":""youtube"",""isMadeForKids"":false,""privacyStatus"":""public"",""containsSyntheticMedia"":true,""shouldNotifySubscribers"":true}",reloaded
4161884,2026-10-06 19:00,facebook,30840,,halloween,https://database.blotato.io/storage/v1/object/public/public_media/5472a21c-0213-4305-8693-b19295e4d67e/96b8d49c-72de-4bda-ace1-f22bd0039255.mp4,"Somebody decided children deserved their own night.

Nickelodeon launched SNICK in August 1992. 2 hours on a Saturday, programmed entirely for kids, in the slot adults had always owned.

It worked because it was theirs, not because it was gentle.

Comment SEASONAL and I'll send you the weekly note.

https://consider-this.subscribepage.io","{""pageId"":""1086399221215093"",""mediaType"":""reel"",""targetType"":""facebook""}",reloaded
4137873,2026-10-07 15:00,instagram,45886,thegentlemuse2026,halloween,https://database.blotato.io/storage/v1/object/public/public_media/5472a21c-0213-4305-8693-b19295e4d67e/76608449-20d3-4d30-94c7-b2a92eb4de0d.mp4,"Goosebumps was dismissed by every serious critic who looked at it.

Books in 1992, television by 1995, and R.L. Stine writing at roughly one a month. Fast, cheap, and for children.

It taught a whole generation that a chapter ending on a hook is worth staying up for.

Comment SEASONAL and I'll send you the weekly note.","{""mediaType"":""reel"",""targetType"":""instagram""}",in-reservoir
4137878,2026-10-07 15:00,tiktok,41488,thegentlemuse2026,halloween,https://database.blotato.io/storage/v1/object/public/public_media/5472a21c-0213-4305-8693-b19295e4d67e/873be3f0-ae9c-4841-93e6-58c1a0d03008.mp4,"Goosebumps was dismissed by every serious critic who looked at it.

Books in 1992, TV by 1995, R.L. Stine writing roughly one a month. Fast, cheap, for children.

It taught a generation that a chapter ending on a hook is worth staying up for.

Follow for the real one, every season. The note is in my bio.

#LearnOnTikTok #90s #books","{""targetType"":""tiktok"",""isYourBrand"":false,""disabledDuet"":false,""privacyLevel"":""PUBLIC_TO_EVERYONE"",""isAiGenerated"":true,""disabledStitch"":false,""disabledComments"":false,""isBrandedContent"":false}",reloaded
4190308,2026-10-07 19:00,youtube,36129,,halloween,https://database.blotato.io/storage/v1/object/public/public_media/5472a21c-0213-4305-8693-b19295e4d67e/e9b19be8-f471-4e5d-a0e6-c4303c8c5d4e.mp4,"The scary part was never the monster.

Are You Afraid of the Dark started on Nickelodeon in 1992, and the whole format was children around a fire deciding which story was worth telling. No adult ever arrived to make it safe.

It was being trusted with the story.

Subscribe for the real one, every season. The weekly note:
https://consider-this.subscribepage.io

#gentlemuse #90s #shorts","{""title"":""The scary part was never the monster"",""targetType"":""youtube"",""isMadeForKids"":false,""privacyStatus"":""public"",""containsSyntheticMedia"":true,""shouldNotifySubscribers"":true}",reloaded
4190312,2026-10-07 19:00,facebook,30840,,halloween,https://database.blotato.io/storage/v1/object/public/public_media/5472a21c-0213-4305-8693-b19295e4d67e/416dfc67-0500-465b-860d-cba522db4ee1.mp4,"The scary part was never the monster.

Are You Afraid of the Dark started on Nickelodeon in 1992, and the whole format was children around a fire deciding which story was worth telling. No adult ever arrived to make it safe.

It was being trusted with the story.

Comment SEASONAL and I'll send you the weekly note.

https://consider-this.subscribepage.io","{""pageId"":""1086399221215093"",""mediaType"":""reel"",""targetType"":""facebook""}",reloaded
4056444,2026-10-07 23:00,instagram,45886,thegentlemuse2026,halloween,https://database.blotato.io/storage/v1/object/public/public_media/5472a21c-0213-4305-8693-b19295e4d67e/2581279a-1cf5-42f5-b151-3c4de6f29a6e.mp4,"The glow up is not always a new body, a new house, or a whole new life.

Sometimes it is deciding it is a beautiful day and then showing up like you belong in it, which is harder and cheaper and nobody makes content about it.

Which version are you working on right now? The dramatic one or the quiet one.

#gentlemuse #buildinpublic #softdiscipline #womeninbusiness #showup","{""mediaType"":""reel"",""targetType"":""instagram""}",reloaded
4137881,2026-10-08 15:00,instagram,45886,thegentlemuse2026,halloween,https://database.blotato.io/storage/v1/object/public/public_media/5472a21c-0213-4305-8693-b19295e4d67e/0d6355d7-3cd7-4643-b3cc-29e6ace6c172.mp4,"Disney would not put its own name on it.

The Nightmare Before Christmas came out under Touchstone in 1993 because the studio decided it was too dark to carry the Disney label.

The part they were embarrassed by is the part they sell every October now.

Comment SEASONAL and I'll send you the weekly note.","{""mediaType"":""reel"",""targetType"":""instagram""}",in-reservoir
4137884,2026-10-08 15:00,tiktok,41488,thegentlemuse2026,halloween,https://database.blotato.io/storage/v1/object/public/public_media/5472a21c-0213-4305-8693-b19295e4d67e/c9eb8917-3fcb-48f2-ad85-aa69c5453e87.mp4,"Disney would not put its own name on it.

The Nightmare Before Christmas came out under Touchstone in 1993 because the studio decided it was too dark for the Disney label.

The part they were embarrassed by is the part they sell every October.

Follow for the real one, every season. The note is in my bio.

#LearnOnTikTok #halloween #film","{""targetType"":""tiktok"",""isYourBrand"":false,""disabledDuet"":false,""privacyLevel"":""PUBLIC_TO_EVERYONE"",""isAiGenerated"":true,""disabledStitch"":false,""disabledComments"":false,""isBrandedContent"":false}",reloaded
4190322,2026-10-08 19:00,youtube,36129,,halloween,https://database.blotato.io/storage/v1/object/public/public_media/5472a21c-0213-4305-8693-b19295e4d67e/c8348e88-b9f2-42dc-92a2-63ac0b0763d8.mp4,"Goosebumps was dismissed by every serious critic who looked at it.

Books in 1992, television by 1995, and R.L. Stine writing at roughly one a month. Fast, cheap, and for children.

It taught a whole generation that a chapter ending on a hook is worth staying up for.

Subscribe for the real one, every season. The weekly note:
https://consider-this.subscribepage.io

#gentlemuse #90s #shorts","{""title"":""Goosebumps was dismissed by every serious critic"",""targetType"":""youtube"",""isMadeForKids"":false,""privacyStatus"":""public"",""containsSyntheticMedia"":true,""shouldNotifySubscribers"":true}",reloaded
4190325,2026-10-08 19:00,facebook,30840,,halloween,https://database.blotato.io/storage/v1/object/public/public_media/5472a21c-0213-4305-8693-b19295e4d67e/5cea1b57-765a-40d0-a152-65b2a0604e26.mp4,"Goosebumps was dismissed by every serious critic who looked at it.

Books in 1992, television by 1995, and R.L. Stine writing at roughly one a month. Fast, cheap, and for children.

It taught a whole generation that a chapter ending on a hook is worth staying up for.

Comment SEASONAL and I'll send you the weekly note.

https://consider-this.subscribepage.io","{""pageId"":""1086399221215093"",""mediaType"":""reel"",""targetType"":""facebook""}",reloaded
4190349,2026-10-09 15:00,instagram,45886,thegentlemuse2026,halloween,https://database.blotato.io/storage/v1/object/public/public_media/5472a21c-0213-4305-8693-b19295e4d67e/196dbd3c-2c8a-4e7a-9766-f2df6d49030c.jpeg|https://database.blotato.io/storage/v1/object/public/public_media/5472a21c-0213-4305-8693-b19295e4d67e/c0a9726c-94e0-4228-948d-bb10e9ec340e.jpeg|https://database.blotato.io/storage/v1/object/public/public_media/5472a21c-0213-4305-8693-b19295e4d67e/10f4a326-0d83-41d8-b977-41e922cf71f5.jpeg|https://database.blotato.io/storage/v1/object/public/public_media/5472a21c-0213-4305-8693-b19295e4d67e/ba7090ba-e9c8-4d00-9338-32e99813db2c.jpeg|https://database.blotato.io/storage/v1/object/public/public_media/5472a21c-0213-4305-8693-b19295e4d67e/c882648a-e099-4267-8d78-3dfacb5d357a.jpeg,"Somebody decided children deserved their own night.

Nickelodeon launched SNICK in August 1992. 2 hours on a Saturday, programmed entirely for kids, in the slot adults had always owned.

It worked because it was theirs, not because it was gentle.

Comment SEASONAL and I'll send you the weekly note.","{""targetType"":""instagram""}",in-reservoir
4190357,2026-10-09 15:00,tiktok,41488,thegentlemuse2026,halloween,https://database.blotato.io/storage/v1/object/public/public_media/5472a21c-0213-4305-8693-b19295e4d67e/5c08e30f-cc25-4318-a855-dbd2305e12fb.jpeg|https://database.blotato.io/storage/v1/object/public/public_media/5472a21c-0213-4305-8693-b19295e4d67e/915aa807-59ad-46a3-a7fa-751eeb852409.jpeg|https://database.blotato.io/storage/v1/object/public/public_media/5472a21c-0213-4305-8693-b19295e4d67e/29da05d9-ebc2-45f9-a3c2-0766cdb969dd.jpeg|https://database.blotato.io/storage/v1/object/public/public_media/5472a21c-0213-4305-8693-b19295e4d67e/206ae383-34f1-4f31-be9c-cd5ea0d5c61b.jpeg|https://database.blotato.io/storage/v1/object/public/public_media/5472a21c-0213-4305-8693-b19295e4d67e/94481791-ce0b-465f-a73c-391689bfa401.jpeg,"Somebody decided children deserved their own night.

Nickelodeon launched SNICK in August 1992. 2 hours on a Saturday, programmed entirely for kids.

It worked because it was theirs, not because it was gentle.

Follow for the real one, every season. The note is in my bio.

#LearnOnTikTok #90s #nostalgia","{""targetType"":""tiktok"",""isYourBrand"":false,""disabledDuet"":false,""privacyLevel"":""PUBLIC_TO_EVERYONE"",""isAiGenerated"":true,""disabledStitch"":false,""disabledComments"":false,""isBrandedContent"":false}",reloaded
4056477,2026-10-09 17:20,youtube,36129,,halloween,https://database.blotato.io/storage/v1/object/public/public_media/5472a21c-0213-4305-8693-b19295e4d67e/b801f364-4b47-4e27-9065-6ad585c30889.jpeg,"Bookmarking is not listening.

You saved 40 recommendations this year. You finished how many? Saving is not the same as finishing.

Pick the short one. Under an hour, free right now. Finish 1 thing today.

Full list: https://press-play.subscribepage.io
#gentlemuse #shorts","{""title"":""Bookmarking is not listening"",""targetType"":""youtube"",""privacyStatus"":""public"",""shouldNotifySubscribers"":false}",in-reservoir
4226259,2026-10-09 19:00,youtube,36129,,halloween,https://database.blotato.io/storage/v1/object/public/public_media/5472a21c-0213-4305-8693-b19295e4d67e/1a0b6741-360c-4d43-b1f0-40ccee2c92b6.mp4,"Jack o lanterns were turnips.

Ireland and Scotland carved them out of turnips and beets for centuries. Irish immigrants switched to pumpkins in America because they were bigger and easier to hollow out.

The ritual mattered. The turnip did not.

Subscribe for the real one, every season. The weekly note:
https://consider-this.subscribepage.io

#gentlemuse #halloween #shorts","{""title"":""Jack o lanterns were turnips"",""targetType"":""youtube"",""isMadeForKids"":false,""privacyStatus"":""public"",""containsSyntheticMedia"":true,""shouldNotifySubscribers"":true}",reloaded
4226283,2026-10-09 19:00,facebook,30840,,halloween,https://database.blotato.io/storage/v1/object/public/public_media/5472a21c-0213-4305-8693-b19295e4d67e/65ab6fc2-727c-4747-94c5-ac314d35552e.jpeg|https://database.blotato.io/storage/v1/object/public/public_media/5472a21c-0213-4305-8693-b19295e4d67e/158ab28c-c2a8-4237-a97c-70bc489913a1.jpeg|https://database.blotato.io/storage/v1/object/public/public_media/5472a21c-0213-4305-8693-b19295e4d67e/455009f5-1294-4b5d-a528-4d182d2ede77.jpeg|https://database.blotato.io/storage/v1/object/public/public_media/5472a21c-0213-4305-8693-b19295e4d67e/8598586d-4bb6-4f70-909b-a92cca9e4eac.jpeg|https://database.blotato.io/storage/v1/object/public/public_media/5472a21c-0213-4305-8693-b19295e4d67e/730a3708-6720-461c-8675-e6c13ff13f1e.jpeg,"Jack o lanterns were turnips.

Ireland and Scotland carved them out of turnips and beets for centuries. Irish immigrants switched to pumpkins in America because they were bigger and easier to hollow out.

The ritual mattered. The turnip did not.

Comment SEASONAL and I'll send you the weekly note.

https://consider-this.subscribepage.io","{""pageId"":""1086399221215093"",""targetType"":""facebook""}",reloaded
4137913,2026-10-10 15:00,instagram,45886,thegentlemuse2026,halloween,https://database.blotato.io/storage/v1/object/public/public_media/5472a21c-0213-4305-8693-b19295e4d67e/d76ada02-f67f-4bf0-9c63-b3a7afab0d04.mp4,"Hocus Pocus lost money.

It opened in July 1993 against summer blockbusters, did not find an audience, and got written off. It became a Halloween fixture years later through television reruns.

It found its people 10 years late, on the wrong platform.

Comment SEASONAL and I'll send you the weekly note.","{""mediaType"":""reel"",""targetType"":""instagram""}",in-reservoir
4137914,2026-10-10 15:00,tiktok,41488,thegentlemuse2026,halloween,https://database.blotato.io/storage/v1/object/public/public_media/5472a21c-0213-4305-8693-b19295e4d67e/2b43817d-de39-4a09-bff9-2e4bcab344ef.mp4,"Hocus Pocus lost money.

It opened in July 1993 against summer blockbusters, did not find an audience, and got written off. It became a fixture years later through reruns.

It found its people 10 years late, on the wrong platform.

Follow for the real one, every season. The note is in my bio.

#LearnOnTikTok #halloween #90s","{""targetType"":""tiktok"",""isYourBrand"":false,""disabledDuet"":false,""privacyLevel"":""PUBLIC_TO_EVERYONE"",""isAiGenerated"":false,""disabledStitch"":false,""disabledComments"":false,""isBrandedContent"":false}",reloaded
4226301,2026-10-10 19:00,youtube,36129,,halloween,https://database.blotato.io/storage/v1/object/public/public_media/5472a21c-0213-4305-8693-b19295e4d67e/88cd06ee-bdb0-4b3f-878f-c119fdb6dea3.mp4,"Casper was the first film to build its lead out of nothing at all.

1995, the first feature to carry a fully computer generated character in a leading role. Every frame of him was made rather than filmed.

A film about a ghost nobody could touch. They built him from air.

Subscribe for the real one, every season. The weekly note:
https://consider-this.subscribepage.io

#gentlemuse #90s #shorts","{""title"":""Casper was the first film to build its lead out of nothing"",""targetType"":""youtube"",""isMadeForKids"":false,""privacyStatus"":""public"",""containsSyntheticMedia"":true,""shouldNotifySubscribers"":true}",reloaded
4226315,2026-10-10 19:00,facebook,30840,,halloween,https://database.blotato.io/storage/v1/object/public/public_media/5472a21c-0213-4305-8693-b19295e4d67e/6087064f-871b-4f82-80e0-2580df3ce8d4.mp4,"Casper was the first film to build its lead out of nothing at all.

1995, the first feature to carry a fully computer generated character in a leading role. Every frame of him was made rather than filmed.

A film about a ghost nobody could touch. They built him from air.

Comment SEASONAL and I'll send you the weekly note.

https://consider-this.subscribepage.io","{""pageId"":""1086399221215093"",""mediaType"":""reel"",""targetType"":""facebook""}",reloaded
4056495,2026-10-10 23:00,tiktok,41488,thegentlemuse2026,halloween,https://database.blotato.io/storage/v1/object/public/public_media/5472a21c-0213-4305-8693-b19295e4d67e/7fd5b3ca-1982-40a9-83d1-50d94bc20a64.jpeg,"If every AI explainer makes your eyes glaze over, this one won't. Gentle pacing, plain words, and real examples you can copy today.

#LearnOnTikTok","{""targetType"":""tiktok"",""isYourBrand"":false,""disabledDuet"":false,""privacyLevel"":""PUBLIC_TO_EVERYONE"",""isAiGenerated"":false,""disabledStitch"":false,""disabledComments"":false,""isBrandedContent"":false}",reloaded
4137916,2026-10-11 15:00,instagram,45886,thegentlemuse2026,halloween,https://database.blotato.io/storage/v1/object/public/public_media/5472a21c-0213-4305-8693-b19295e4d67e/9cad11e1-943a-4fd4-81b4-f20d1b75e07a.mp4,"Disney would not put its own name on it.

The Nightmare Before Christmas came out under Touchstone in 1993 because the studio decided it was too dark to carry the Disney label.

The part they were embarrassed by is the part they sell every October now.

Comment SEASONAL and I'll send you the weekly note.","{""mediaType"":""reel"",""targetType"":""instagram""}",in-reservoir
4137917,2026-10-11 15:00,tiktok,41488,thegentlemuse2026,halloween,https://database.blotato.io/storage/v1/object/public/public_media/5472a21c-0213-4305-8693-b19295e4d67e/f117809c-2f14-442a-bc31-d383a428e609.mp4,"Disney would not put its own name on it.

The Nightmare Before Christmas came out under Touchstone in 1993 because the studio decided it was too dark for the Disney label.

The part they were embarrassed by is the part they sell every October.

Follow for the real one, every season. The note is in my bio.

#LearnOnTikTok #halloween #film","{""targetType"":""tiktok"",""isYourBrand"":false,""disabledDuet"":false,""privacyLevel"":""PUBLIC_TO_EVERYONE"",""isAiGenerated"":true,""disabledStitch"":false,""disabledComments"":false,""isBrandedContent"":false}",reloaded
4226331,2026-10-12 19:00,youtube,36129,,halloween,https://database.blotato.io/storage/v1/object/public/public_media/5472a21c-0213-4305-8693-b19295e4d67e/849afc11-dd23-40df-92c3-e9317c316218.mp4,"Disney would not put its own name on it.

The Nightmare Before Christmas came out under Touchstone in 1993 because the studio decided it was too dark to carry the Disney label.

The part they were embarrassed by is the part they sell every October now.

Subscribe for the real one, every season. The weekly note:
https://consider-this.subscribepage.io

#gentlemuse #halloween #shorts","{""title"":""Disney would not put its own name on it"",""targetType"":""youtube"",""isMadeForKids"":false,""privacyStatus"":""public"",""containsSyntheticMedia"":true,""shouldNotifySubscribers"":true}",reloaded
4226340,2026-10-12 19:00,facebook,30840,,halloween,https://database.blotato.io/storage/v1/object/public/public_media/5472a21c-0213-4305-8693-b19295e4d67e/7a9055ef-bf78-4bb5-9710-16e22dbc7ec8.mp4,"Disney would not put its own name on it.

The Nightmare Before Christmas came out under Touchstone in 1993 because the studio decided it was too dark to carry the Disney label.

The part they were embarrassed by is the part they sell every October now.

Comment SEASONAL and I'll send you the weekly note.

https://consider-this.subscribepage.io","{""pageId"":""1086399221215093"",""mediaType"":""reel"",""targetType"":""facebook""}",reloaded
4056448,2026-10-13 15:00,instagram,45886,thegentlemuse2026,cesa,https://database.blotato.io/storage/v1/object/public/public_media/5472a21c-0213-4305-8693-b19295e4d67e/77e3abf3-84e0-43ea-a7e9-dd71c70b7d04.mp4,"She doesn't move out of the way anymore. So I move the room.

She's 19. She picked her spot in the kitchen years ago and she has no intention of renegotiating it.

She used to get up when I walked through. Now she doesn't, and I decided that's my problem to solve, not hers. So I taped out her spot on the floor before I moved the counter around. The path I walk carrying something hot is never the 3 feet where she sleeps.

That's most of what senior dog care has actually been for me. Not heroics. Just moving the furniture instead of asking her to move.

Comment CESA and I'll send you what I wrote about her.

#seniordog #dogmom #chihuahua #cesasgoldenyears","{""mediaType"":""reel"",""targetType"":""instagram""}",in-reservoir
4226351,2026-10-14 15:00,instagram,45886,thegentlemuse2026,halloween,https://database.blotato.io/storage/v1/object/public/public_media/5472a21c-0213-4305-8693-b19295e4d67e/f654b808-9e98-4faa-b56c-7613082b8fc6.mp4,"Goosebumps was dismissed by every serious critic who looked at it.

Books in 1992, television by 1995, and R.L. Stine writing at roughly one a month. Fast, cheap, and for children.

It taught a whole generation that a chapter ending on a hook is worth staying up for.

Comment SEASONAL and I'll send you the weekly note.","{""mediaType"":""reel"",""targetType"":""instagram""}",in-reservoir
4137921,2026-10-15 15:00,instagram,45886,thegentlemuse2026,halloween,https://database.blotato.io/storage/v1/object/public/public_media/5472a21c-0213-4305-8693-b19295e4d67e/fc6a90d5-21a1-42d4-83fd-a15b0ae25cf1.mp4,"Nightmare used to name one specific thing.

A mare was a spirit people believed sat on a sleeper's chest. The weight, the not being able to move, the certainty something is in the room. We call it sleep paralysis now.

They had a word for it before they had an explanation.

Comment SEASONAL and I'll send you the weekly note.","{""mediaType"":""reel"",""targetType"":""instagram""}",in-reservoir
4137926,2026-10-15 15:00,tiktok,41488,thegentlemuse2026,halloween,https://database.blotato.io/storage/v1/object/public/public_media/5472a21c-0213-4305-8693-b19295e4d67e/03a4043b-c8e1-47f2-b483-80542d9ecec0.mp4,"Nightmare used to name one specific thing.

A mare was a spirit believed to sit on a sleeper's chest. The weight, the not being able to move. We call it sleep paralysis now.

They had a word for it before they had an explanation.

Follow for the real one, every season. The note is in my bio.

#LearnOnTikTok #history #etymology","{""targetType"":""tiktok"",""isYourBrand"":false,""disabledDuet"":false,""privacyLevel"":""PUBLIC_TO_EVERYONE"",""isAiGenerated"":true,""disabledStitch"":false,""disabledComments"":false,""isBrandedContent"":false}",reloaded
4137928,2026-10-17 15:00,instagram,45886,thegentlemuse2026,halloween,https://database.blotato.io/storage/v1/object/public/public_media/5472a21c-0213-4305-8693-b19295e4d67e/29c02be7-545e-4fca-afd5-03cf99ad622b.mp4,"Victorians were frightened enough of being buried alive to patent a way out.

Safety coffins came with bells, ropes and breathing tubes. Christian Eisenbrandt patented one in the United States in 1843.

A whole industry grew around a fear nobody would say out loud.

Comment SEASONAL and I'll send you the weekly note.","{""mediaType"":""reel"",""targetType"":""instagram""}",in-reservoir
4137929,2026-10-17 15:00,tiktok,41488,thegentlemuse2026,halloween,https://database.blotato.io/storage/v1/object/public/public_media/5472a21c-0213-4305-8693-b19295e4d67e/0e9d2345-c126-4eeb-9488-432f8c7cf4d1.mp4,"Victorians were frightened enough of being buried alive to patent a way out.

Safety coffins came with bells, ropes and breathing tubes. Christian Eisenbrandt patented one in 1843.

A whole industry grew around a fear nobody would say out loud.

Follow for the real one, every season. The note is in my bio.

#LearnOnTikTok #history #victorian","{""targetType"":""tiktok"",""isYourBrand"":false,""disabledDuet"":false,""privacyLevel"":""PUBLIC_TO_EVERYONE"",""isAiGenerated"":true,""disabledStitch"":false,""disabledComments"":false,""isBrandedContent"":false}",reloaded
4137931,2026-10-18 15:00,instagram,45886,thegentlemuse2026,halloween,https://database.blotato.io/storage/v1/object/public/public_media/5472a21c-0213-4305-8693-b19295e4d67e/b57bda93-78b9-460b-b88f-b5cfa0b46b01.mp4,"Nightmare used to name one specific thing.

A mare was a spirit people believed sat on a sleeper's chest. The weight, the not being able to move, the certainty something is in the room. We call it sleep paralysis now.

They had a word for it before they had an explanation.

Comment SEASONAL and I'll send you the weekly note.","{""mediaType"":""reel"",""targetType"":""instagram""}",in-reservoir
4137932,2026-10-18 15:00,tiktok,41488,thegentlemuse2026,halloween,https://database.blotato.io/storage/v1/object/public/public_media/5472a21c-0213-4305-8693-b19295e4d67e/8f1481d7-bfb1-44a3-84da-fde5840280be.mp4,"Nightmare used to name one specific thing.

A mare was a spirit believed to sit on a sleeper's chest. The weight, the not being able to move. We call it sleep paralysis now.

They had a word for it before they had an explanation.

Follow for the real one, every season. The note is in my bio.

#LearnOnTikTok #history #etymology","{""targetType"":""tiktok"",""isYourBrand"":false,""disabledDuet"":false,""privacyLevel"":""PUBLIC_TO_EVERYONE"",""isAiGenerated"":true,""disabledStitch"":false,""disabledComments"":false,""isBrandedContent"":false}",in-reservoir
4137933,2026-10-25 15:00,instagram,45886,thegentlemuse2026,halloween,https://database.blotato.io/storage/v1/object/public/public_media/5472a21c-0213-4305-8693-b19295e4d67e/d4f08e8c-a397-4ec2-9bad-c144b46f4135.mp4,"They put a stone in the child's mouth.

A Roman era grave excavated at Lugnano in Italy held a stone placed deliberately, one of a set of burials archaeologists read as meant to stop the dead returning.

Every generation does something physical about a fear it cannot argue with. Ours is just quieter.

Comment SEASONAL and I'll send you the weekly note.","{""mediaType"":""reel"",""targetType"":""instagram""}",in-reservoir
4137934,2026-10-25 15:00,tiktok,41488,thegentlemuse2026,halloween,https://database.blotato.io/storage/v1/object/public/public_media/5472a21c-0213-4305-8693-b19295e4d67e/bd7f6736-0d34-4855-9906-836cd66d702a.mp4,"They put a stone in the child's mouth.

A Roman era grave at Lugnano in Italy held a stone placed deliberately, one of a set of burials read as meant to stop the dead returning.

Every generation does something physical about a fear it cannot argue with.

Follow for the real one, every season. The note is in my bio.

#LearnOnTikTok #archaeology #history","{""targetType"":""tiktok"",""isYourBrand"":false,""disabledDuet"":false,""privacyLevel"":""PUBLIC_TO_EVERYONE"",""isAiGenerated"":true,""disabledStitch"":false,""disabledComments"":false,""isBrandedContent"":false}",reloaded
4137935,2026-10-30 15:00,instagram,45886,thegentlemuse2026,halloween,https://database.blotato.io/storage/v1/object/public/public_media/5472a21c-0213-4305-8693-b19295e4d67e/88134677-b90c-4523-9fe2-2d94b25483d9.mp4,"Sarah Winchester built for more than 35 years and never said why.

No blueprints. No interviews. Every theory about that house was written after she died, by people who needed a reason for it.

She did not owe anyone the explanation.

Comment SEASONAL and I'll send you the weekly note.","{""mediaType"":""reel"",""targetType"":""instagram""}",in-reservoir
4137936,2026-10-30 15:00,tiktok,41488,thegentlemuse2026,halloween,https://database.blotato.io/storage/v1/object/public/public_media/5472a21c-0213-4305-8693-b19295e4d67e/90928cc4-9051-4797-820e-5a5f8646c7d1.mp4,"Sarah Winchester built for more than 35 years and never said why.

No blueprints. No interviews. Every theory was written after she died, by people who needed a reason.

She did not owe anyone the explanation.

Follow for the real one, every season. The note is in my bio.

#LearnOnTikTok #history #womeninhistory","{""targetType"":""tiktok"",""isYourBrand"":false,""disabledDuet"":false,""privacyLevel"":""PUBLIC_TO_EVERYONE"",""isAiGenerated"":false,""disabledStitch"":false,""disabledComments"":false,""isBrandedContent"":false}",in-reservoir
4022480,2026-12-01 16:00,instagram,45886,thegentlemuse2026,cesa,https://database.blotato.io/storage/v1/object/public/public_media/5472a21c-0213-4305-8693-b19295e4d67e/4465b71a-a149-4ce9-a745-64c1037ad26a.mp4,"Rudolph was an ad.

Robert L. May wrote him in 1939 as a free giveaway booklet for Montgomery Ward. He was in debt. His wife was dying. That was the year he wrote it.

The most cheerful character of the season came out of the worst year of a man's life.

It was always about being the one who doesn't fit.

Comment CESA and follow @cesasgoldenyears. I'll send you the 15 pages on what actually keeps her comfortable, free.

#christmas #rudolph #seniordog #history #gentlemuse","{""mediaType"":""reel"",""targetType"":""instagram"",""shareToFeed"":true}",reloaded
