Slug,FactID,Platform,AccountId,SlotUTC,Status,MediaUrl,Text,Waiting
afraidark,HAL-011,instagram,45886,,STAGED,https://database.blotato.io/storage/v1/object/public/public_media/5472a21c-0213-4305-8693-b19295e4d67e/24b21333-ca41-4507-9272-9ce711669ae6.mp4,"The scary part was never the monster.\n\nAre You Afraid of the Dark started on Nickelodeon in 1992, and the whole format was children around a fire deciding which story was worth telling. No adult ever arrived to make it safe.\n\nIt was being trusted with the story.\n\nComment SEASONAL and I'll send you the weekly note.",
afraidark,HAL-011,tiktok,41488,,STAGED,https://database.blotato.io/storage/v1/object/public/public_media/5472a21c-0213-4305-8693-b19295e4d67e/24b21333-ca41-4507-9272-9ce711669ae6.mp4,"The scary part was never the monster.\n\nAre You Afraid of the Dark started in 1992 and the format was children around a fire deciding which story was worth telling. No adult ever arrived to make it safe.\n\nIt was being trusted with the story.\n\nFollow for the real one, every season. The note is in my bio.\n\n#LearnOnTikTok #90s #nostalgia",
afraidark,HAL-011,facebook,30840,17:10,STAGED,https://database.blotato.io/storage/v1/object/public/public_media/5472a21c-0213-4305-8693-b19295e4d67e/24b21333-ca41-4507-9272-9ce711669ae6.mp4,"The scary part was never the monster.\n\nAre You Afraid of the Dark started on Nickelodeon in 1992, and the whole format was children around a fire deciding which story was worth telling. No adult ever arrived to make it safe.\n\nIt was being trusted with the story.\n\nComment SEASONAL and I'll send you the weekly note.\n\nhttps://consider-this.subscribepage.io",
afraidark,HAL-011,youtube,36129,17:20,STAGED,https://database.blotato.io/storage/v1/object/public/public_media/5472a21c-0213-4305-8693-b19295e4d67e/24b21333-ca41-4507-9272-9ce711669ae6.mp4,"The scary part was never the monster.\n\nAre You Afraid of the Dark started on Nickelodeon in 1992, and the whole format was children around a fire deciding which story was worth telling. No adult ever arrived to make it safe.\n\nIt was being trusted with the story.\n\nComment SEASONAL and I'll send you the weekly note.\n\nhttps://consider-this.subscribepage.io",
casper,HAL-012,instagram,45886,,STAGED,https://database.blotato.io/storage/v1/object/public/public_media/5472a21c-0213-4305-8693-b19295e4d67e/8106a27f-60d0-41ba-a7fc-d06815dfc0fb.mp4,"Casper was the first film to build its lead out of nothing at all.\n\n1995, the first feature to carry a fully computer generated character in a leading role. Every frame of him was made rather than filmed.\n\nA film about a ghost nobody could touch. They built him from air.\n\nComment SEASONAL and I'll send you the weekly note.",
casper,HAL-012,tiktok,41488,,STAGED,https://database.blotato.io/storage/v1/object/public/public_media/5472a21c-0213-4305-8693-b19295e4d67e/8106a27f-60d0-41ba-a7fc-d06815dfc0fb.mp4,"Casper was the first film to build its lead out of nothing at all.\n\n1995, the first feature with a fully computer generated character in a leading role. Every frame of him was made rather than filmed.\n\nA ghost nobody could touch, built from air.\n\nFollow for the real one, every season. The note is in my bio.\n\n#LearnOnTikTok #90s #film",
casper,HAL-012,facebook,30840,17:10,STAGED,https://database.blotato.io/storage/v1/object/public/public_media/5472a21c-0213-4305-8693-b19295e4d67e/8106a27f-60d0-41ba-a7fc-d06815dfc0fb.mp4,"Casper was the first film to build its lead out of nothing at all.\n\n1995, the first feature to carry a fully computer generated character in a leading role. Every frame of him was made rather than filmed.\n\nA film about a ghost nobody could touch. They built him from air.\n\nComment SEASONAL and I'll send you the weekly note.\n\nhttps://consider-this.subscribepage.io",
casper,HAL-012,youtube,36129,17:20,STAGED,https://database.blotato.io/storage/v1/object/public/public_media/5472a21c-0213-4305-8693-b19295e4d67e/8106a27f-60d0-41ba-a7fc-d06815dfc0fb.mp4,"Casper was the first film to build its lead out of nothing at all.\n\n1995, the first feature to carry a fully computer generated character in a leading role. Every frame of him was made rather than filmed.\n\nA film about a ghost nobody could touch. They built him from air.\n\nComment SEASONAL and I'll send you the weekly note.\n\nhttps://consider-this.subscribepage.io",
cesa-blackgirl,HAL-021,instagram,45886,,NEEDS_RENDER,,"Black cats were good luck first.\n\nBritish sailors kept a black ship's cat for safe passage and their wives kept one at home for the same reason. In Edo period Japan a black cat warded off evil and drew good fortune.\n\nThe bad luck version is the newer, narrower story.\n\nShe's not a cat. But the black girls have always been the good luck around here.\n\nComment SEASONAL and I'll send you the weekly note.",hosting
cesa-blackgirl,HAL-021,tiktok,41488,,NEEDS_RENDER,,"Black cats were good luck first.\n\nBritish sailors kept a black ship's cat for safe passage. In Edo period Japan a black cat warded off evil and drew good fortune.\n\nThe bad luck version is the newer, narrower story.\n\nShe's not a cat. But the black girls have always been the good luck around here.\n\nFollow for the real one, every season. The note is in my bio.\n\n#LearnOnTikTok #halloween #blackcat",hosting
cesa-blackgirl,HAL-021,facebook,30840,17:10,NEEDS_RENDER,,"Black cats were good luck first.\n\nBritish sailors kept a black ship's cat for safe passage and their wives kept one at home for the same reason. In Edo period Japan a black cat warded off evil and drew good fortune.\n\nThe bad luck version is the newer, narrower story.\n\nShe's not a cat. But the black girls have always been the good luck around here.\n\nComment SEASONAL and I'll send you the weekly note.\n\nhttps://consider-this.subscribepage.io",hosting
cesa-blackgirl,HAL-021,youtube,36129,17:20,NEEDS_RENDER,,"Black cats were good luck first.\n\nBritish sailors kept a black ship's cat for safe passage and their wives kept one at home for the same reason. In Edo period Japan a black cat warded off evil and drew good fortune.\n\nThe bad luck version is the newer, narrower story.\n\nShe's not a cat. But the black girls have always been the good luck around here.\n\nComment SEASONAL and I'll send you the weekly note.\n\nhttps://consider-this.subscribepage.io",hosting
coffinbell,HAL-005,instagram,45886,,STAGED,https://database.blotato.io/storage/v1/object/public/public_media/5472a21c-0213-4305-8693-b19295e4d67e/e6925be5-2d88-43a6-90e3-08e17f88bbca.mp4,"Victorians were frightened enough of being buried alive to patent a way out.\n\nSafety coffins came with bells, ropes and breathing tubes. Christian Eisenbrandt patented one in the United States in 1843.\n\nA whole industry grew around a fear nobody would say out loud.\n\nComment SEASONAL and I'll send you the weekly note.",
coffinbell,HAL-005,tiktok,41488,,STAGED,https://database.blotato.io/storage/v1/object/public/public_media/5472a21c-0213-4305-8693-b19295e4d67e/e6925be5-2d88-43a6-90e3-08e17f88bbca.mp4,"Victorians were frightened enough of being buried alive to patent a way out.\n\nSafety coffins came with bells, ropes and breathing tubes. Christian Eisenbrandt patented one in 1843.\n\nA whole industry grew around a fear nobody would say out loud.\n\nFollow for the real one, every season. The note is in my bio.\n\n#LearnOnTikTok #history #victorian",
coffinbell,HAL-005,facebook,30840,17:10,STAGED,https://database.blotato.io/storage/v1/object/public/public_media/5472a21c-0213-4305-8693-b19295e4d67e/e6925be5-2d88-43a6-90e3-08e17f88bbca.mp4,"Victorians were frightened enough of being buried alive to patent a way out.\n\nSafety coffins came with bells, ropes and breathing tubes. Christian Eisenbrandt patented one in the United States in 1843.\n\nA whole industry grew around a fear nobody would say out loud.\n\nComment SEASONAL and I'll send you the weekly note.\n\nhttps://consider-this.subscribepage.io",
coffinbell,HAL-005,youtube,36129,17:20,STAGED,https://database.blotato.io/storage/v1/object/public/public_media/5472a21c-0213-4305-8693-b19295e4d67e/e6925be5-2d88-43a6-90e3-08e17f88bbca.mp4,"Victorians were frightened enough of being buried alive to patent a way out.\n\nSafety coffins came with bells, ropes and breathing tubes. Christian Eisenbrandt patented one in the United States in 1843.\n\nA whole industry grew around a fear nobody would say out loud.\n\nComment SEASONAL and I'll send you the weekly note.\n\nhttps://consider-this.subscribepage.io",
countdown-ig,CDN,instagram,45886,,NEEDS_RENDER,,,hosting
countdown-ig,CDN,tiktok,41488,,NEEDS_RENDER,,,hosting
countdown-ig,CDN,facebook,30840,17:10,NEEDS_RENDER,,,hosting
countdown-ig,CDN,youtube,36129,17:20,NEEDS_RENDER,,,hosting
countdown-tt,CDN,instagram,45886,,NEEDS_RENDER,,,hosting
countdown-tt,CDN,tiktok,41488,,NEEDS_RENDER,,,hosting
countdown-tt,CDN,facebook,30840,17:10,NEEDS_RENDER,,,hosting
countdown-tt,CDN,youtube,36129,17:20,NEEDS_RENDER,,,hosting
gb-bike,HAL-014,instagram,45886,,STAGED,https://database.blotato.io/storage/v1/object/public/public_media/5472a21c-0213-4305-8693-b19295e4d67e/1d19d8c8-10a2-48eb-9f90-e6121f6d12d9.mp4,"Goosebumps was dismissed by every serious critic who looked at it.\n\nBooks in 1992, television by 1995, and R.L. Stine writing at roughly one a month. Fast, cheap, and for children.\n\nIt taught a whole generation that a chapter ending on a hook is worth staying up for.\n\nComment SEASONAL and I'll send you the weekly note.",
gb-bike,HAL-014,tiktok,41488,,STAGED,https://database.blotato.io/storage/v1/object/public/public_media/5472a21c-0213-4305-8693-b19295e4d67e/1d19d8c8-10a2-48eb-9f90-e6121f6d12d9.mp4,"Goosebumps was dismissed by every serious critic who looked at it.\n\nBooks in 1992, TV by 1995, R.L. Stine writing roughly one a month. Fast, cheap, for children.\n\nIt taught a generation that a chapter ending on a hook is worth staying up for.\n\nFollow for the real one, every season. The note is in my bio.\n\n#LearnOnTikTok #90s #books",
gb-bike,HAL-014,facebook,30840,17:10,STAGED,https://database.blotato.io/storage/v1/object/public/public_media/5472a21c-0213-4305-8693-b19295e4d67e/1d19d8c8-10a2-48eb-9f90-e6121f6d12d9.mp4,"Goosebumps was dismissed by every serious critic who looked at it.\n\nBooks in 1992, television by 1995, and R.L. Stine writing at roughly one a month. Fast, cheap, and for children.\n\nIt taught a whole generation that a chapter ending on a hook is worth staying up for.\n\nComment SEASONAL and I'll send you the weekly note.\n\nhttps://consider-this.subscribepage.io",
gb-bike,HAL-014,youtube,36129,17:20,STAGED,https://database.blotato.io/storage/v1/object/public/public_media/5472a21c-0213-4305-8693-b19295e4d67e/1d19d8c8-10a2-48eb-9f90-e6121f6d12d9.mp4,"Goosebumps was dismissed by every serious critic who looked at it.\n\nBooks in 1992, television by 1995, and R.L. Stine writing at roughly one a month. Fast, cheap, and for children.\n\nIt taught a whole generation that a chapter ending on a hook is worth staying up for.\n\nComment SEASONAL and I'll send you the weekly note.\n\nhttps://consider-this.subscribepage.io",
gb-fort,HAL-014,instagram,45886,,STAGED,https://database.blotato.io/storage/v1/object/public/public_media/5472a21c-0213-4305-8693-b19295e4d67e/5cdbc7b5-774b-4219-a167-10a4c743fd3e.mp4,"Goosebumps was dismissed by every serious critic who looked at it.\n\nBooks in 1992, television by 1995, and R.L. Stine writing at roughly one a month. Fast, cheap, and for children.\n\nIt taught a whole generation that a chapter ending on a hook is worth staying up for.\n\nComment SEASONAL and I'll send you the weekly note.",
gb-fort,HAL-014,tiktok,41488,,STAGED,https://database.blotato.io/storage/v1/object/public/public_media/5472a21c-0213-4305-8693-b19295e4d67e/5cdbc7b5-774b-4219-a167-10a4c743fd3e.mp4,"Goosebumps was dismissed by every serious critic who looked at it.\n\nBooks in 1992, TV by 1995, R.L. Stine writing roughly one a month. Fast, cheap, for children.\n\nIt taught a generation that a chapter ending on a hook is worth staying up for.\n\nFollow for the real one, every season. The note is in my bio.\n\n#LearnOnTikTok #90s #books",
gb-fort,HAL-014,facebook,30840,17:10,STAGED,https://database.blotato.io/storage/v1/object/public/public_media/5472a21c-0213-4305-8693-b19295e4d67e/5cdbc7b5-774b-4219-a167-10a4c743fd3e.mp4,"Goosebumps was dismissed by every serious critic who looked at it.\n\nBooks in 1992, television by 1995, and R.L. Stine writing at roughly one a month. Fast, cheap, and for children.\n\nIt taught a whole generation that a chapter ending on a hook is worth staying up for.\n\nComment SEASONAL and I'll send you the weekly note.\n\nhttps://consider-this.subscribepage.io",
gb-fort,HAL-014,youtube,36129,17:20,STAGED,https://database.blotato.io/storage/v1/object/public/public_media/5472a21c-0213-4305-8693-b19295e4d67e/5cdbc7b5-774b-4219-a167-10a4c743fd3e.mp4,"Goosebumps was dismissed by every serious critic who looked at it.\n\nBooks in 1992, television by 1995, and R.L. Stine writing at roughly one a month. Fast, cheap, and for children.\n\nIt taught a whole generation that a chapter ending on a hook is worth staying up for.\n\nComment SEASONAL and I'll send you the weekly note.\n\nhttps://consider-this.subscribepage.io",
gb-paperbacks,HAL-014,instagram,45886,,STAGED,https://database.blotato.io/storage/v1/object/public/public_media/5472a21c-0213-4305-8693-b19295e4d67e/df0b933e-e59b-42c0-a52c-494bcc45f264.mp4,"Goosebumps was dismissed by every serious critic who looked at it.\n\nBooks in 1992, television by 1995, and R.L. Stine writing at roughly one a month. Fast, cheap, and for children.\n\nIt taught a whole generation that a chapter ending on a hook is worth staying up for.\n\nComment SEASONAL and I'll send you the weekly note.",
gb-paperbacks,HAL-014,tiktok,41488,,STAGED,https://database.blotato.io/storage/v1/object/public/public_media/5472a21c-0213-4305-8693-b19295e4d67e/df0b933e-e59b-42c0-a52c-494bcc45f264.mp4,"Goosebumps was dismissed by every serious critic who looked at it.\n\nBooks in 1992, TV by 1995, R.L. Stine writing roughly one a month. Fast, cheap, for children.\n\nIt taught a generation that a chapter ending on a hook is worth staying up for.\n\nFollow for the real one, every season. The note is in my bio.\n\n#LearnOnTikTok #90s #books",
gb-paperbacks,HAL-014,facebook,30840,17:10,STAGED,https://database.blotato.io/storage/v1/object/public/public_media/5472a21c-0213-4305-8693-b19295e4d67e/df0b933e-e59b-42c0-a52c-494bcc45f264.mp4,"Goosebumps was dismissed by every serious critic who looked at it.\n\nBooks in 1992, television by 1995, and R.L. Stine writing at roughly one a month. Fast, cheap, and for children.\n\nIt taught a whole generation that a chapter ending on a hook is worth staying up for.\n\nComment SEASONAL and I'll send you the weekly note.\n\nhttps://consider-this.subscribepage.io",
gb-paperbacks,HAL-014,youtube,36129,17:20,STAGED,https://database.blotato.io/storage/v1/object/public/public_media/5472a21c-0213-4305-8693-b19295e4d67e/df0b933e-e59b-42c0-a52c-494bcc45f264.mp4,"Goosebumps was dismissed by every serious critic who looked at it.\n\nBooks in 1992, television by 1995, and R.L. Stine writing at roughly one a month. Fast, cheap, and for children.\n\nIt taught a whole generation that a chapter ending on a hook is worth staying up for.\n\nComment SEASONAL and I'll send you the weekly note.\n\nhttps://consider-this.subscribepage.io",
gb-rack,HAL-014,instagram,45886,,STAGED,https://database.blotato.io/storage/v1/object/public/public_media/5472a21c-0213-4305-8693-b19295e4d67e/b6ce81de-93ca-46d8-bbd8-b901dadb979c.mp4,"Goosebumps was dismissed by every serious critic who looked at it.\n\nBooks in 1992, television by 1995, and R.L. Stine writing at roughly one a month. Fast, cheap, and for children.\n\nIt taught a whole generation that a chapter ending on a hook is worth staying up for.\n\nComment SEASONAL and I'll send you the weekly note.",
gb-rack,HAL-014,tiktok,41488,,STAGED,https://database.blotato.io/storage/v1/object/public/public_media/5472a21c-0213-4305-8693-b19295e4d67e/b6ce81de-93ca-46d8-bbd8-b901dadb979c.mp4,"Goosebumps was dismissed by every serious critic who looked at it.\n\nBooks in 1992, TV by 1995, R.L. Stine writing roughly one a month. Fast, cheap, for children.\n\nIt taught a generation that a chapter ending on a hook is worth staying up for.\n\nFollow for the real one, every season. The note is in my bio.\n\n#LearnOnTikTok #90s #books",
gb-rack,HAL-014,facebook,30840,17:10,STAGED,https://database.blotato.io/storage/v1/object/public/public_media/5472a21c-0213-4305-8693-b19295e4d67e/b6ce81de-93ca-46d8-bbd8-b901dadb979c.mp4,"Goosebumps was dismissed by every serious critic who looked at it.\n\nBooks in 1992, television by 1995, and R.L. Stine writing at roughly one a month. Fast, cheap, and for children.\n\nIt taught a whole generation that a chapter ending on a hook is worth staying up for.\n\nComment SEASONAL and I'll send you the weekly note.\n\nhttps://consider-this.subscribepage.io",
gb-rack,HAL-014,youtube,36129,17:20,STAGED,https://database.blotato.io/storage/v1/object/public/public_media/5472a21c-0213-4305-8693-b19295e4d67e/b6ce81de-93ca-46d8-bbd8-b901dadb979c.mp4,"Goosebumps was dismissed by every serious critic who looked at it.\n\nBooks in 1992, television by 1995, and R.L. Stine writing at roughly one a month. Fast, cheap, and for children.\n\nIt taught a whole generation that a chapter ending on a hook is worth staying up for.\n\nComment SEASONAL and I'll send you the weekly note.\n\nhttps://consider-this.subscribepage.io",
halloweentown-v2,HAL-013-CESA,instagram,45886,,NEEDS_RENDER,,,hosting
halloweentown-v2,HAL-013-CESA,tiktok,41488,,NEEDS_RENDER,,,hosting
halloweentown-v2,HAL-013-CESA,facebook,30840,17:10,NEEDS_RENDER,,,hosting
halloweentown-v2,HAL-013-CESA,youtube,36129,17:20,NEEDS_RENDER,,,hosting
lugnano,HAL-018,instagram,45886,,STAGED,https://database.blotato.io/storage/v1/object/public/public_media/5472a21c-0213-4305-8693-b19295e4d67e/e3dabeff-51c5-4806-89c8-0c182aa5ea96.mp4,"They put a stone in the child's mouth.\n\nA Roman era grave excavated at Lugnano in Italy held a stone placed deliberately, one of a set of burials archaeologists read as meant to stop the dead returning.\n\nEvery generation does something physical about a fear it cannot argue with. Ours is just quieter.\n\nComment SEASONAL and I'll send you the weekly note.",
lugnano,HAL-018,tiktok,41488,,STAGED,https://database.blotato.io/storage/v1/object/public/public_media/5472a21c-0213-4305-8693-b19295e4d67e/e3dabeff-51c5-4806-89c8-0c182aa5ea96.mp4,"They put a stone in the child's mouth.\n\nA Roman era grave at Lugnano in Italy held a stone placed deliberately, one of a set of burials read as meant to stop the dead returning.\n\nEvery generation does something physical about a fear it cannot argue with.\n\nFollow for the real one, every season. The note is in my bio.\n\n#LearnOnTikTok #archaeology #history",
lugnano,HAL-018,facebook,30840,17:10,STAGED,https://database.blotato.io/storage/v1/object/public/public_media/5472a21c-0213-4305-8693-b19295e4d67e/e3dabeff-51c5-4806-89c8-0c182aa5ea96.mp4,"They put a stone in the child's mouth.\n\nA Roman era grave excavated at Lugnano in Italy held a stone placed deliberately, one of a set of burials archaeologists read as meant to stop the dead returning.\n\nEvery generation does something physical about a fear it cannot argue with. Ours is just quieter.\n\nComment SEASONAL and I'll send you the weekly note.\n\nhttps://consider-this.subscribepage.io",
lugnano,HAL-018,youtube,36129,17:20,STAGED,https://database.blotato.io/storage/v1/object/public/public_media/5472a21c-0213-4305-8693-b19295e4d67e/e3dabeff-51c5-4806-89c8-0c182aa5ea96.mp4,"They put a stone in the child's mouth.\n\nA Roman era grave excavated at Lugnano in Italy held a stone placed deliberately, one of a set of burials archaeologists read as meant to stop the dead returning.\n\nEvery generation does something physical about a fear it cannot argue with. Ours is just quieter.\n\nComment SEASONAL and I'll send you the weekly note.\n\nhttps://consider-this.subscribepage.io",
mare-bedroom,HAL-017,instagram,45886,,STAGED,https://database.blotato.io/storage/v1/object/public/public_media/5472a21c-0213-4305-8693-b19295e4d67e/89a0a844-57c9-4684-b4ea-0693e441e5f1.mp4,"Nightmare used to name one specific thing.\n\nA mare was a spirit people believed sat on a sleeper's chest. The weight, the not being able to move, the certainty something is in the room. We call it sleep paralysis now.\n\nThey had a word for it before they had an explanation.\n\nComment SEASONAL and I'll send you the weekly note.",
mare-bedroom,HAL-017,tiktok,41488,,STAGED,https://database.blotato.io/storage/v1/object/public/public_media/5472a21c-0213-4305-8693-b19295e4d67e/89a0a844-57c9-4684-b4ea-0693e441e5f1.mp4,"Nightmare used to name one specific thing.\n\nA mare was a spirit believed to sit on a sleeper's chest. The weight, the not being able to move. We call it sleep paralysis now.\n\nThey had a word for it before they had an explanation.\n\nFollow for the real one, every season. The note is in my bio.\n\n#LearnOnTikTok #history #etymology",
mare-bedroom,HAL-017,facebook,30840,17:10,STAGED,https://database.blotato.io/storage/v1/object/public/public_media/5472a21c-0213-4305-8693-b19295e4d67e/89a0a844-57c9-4684-b4ea-0693e441e5f1.mp4,"Nightmare used to name one specific thing.\n\nA mare was a spirit people believed sat on a sleeper's chest. The weight, the not being able to move, the certainty something is in the room. We call it sleep paralysis now.\n\nThey had a word for it before they had an explanation.\n\nComment SEASONAL and I'll send you the weekly note.\n\nhttps://consider-this.subscribepage.io",
mare-bedroom,HAL-017,youtube,36129,17:20,STAGED,https://database.blotato.io/storage/v1/object/public/public_media/5472a21c-0213-4305-8693-b19295e4d67e/89a0a844-57c9-4684-b4ea-0693e441e5f1.mp4,"Nightmare used to name one specific thing.\n\nA mare was a spirit people believed sat on a sleeper's chest. The weight, the not being able to move, the certainty something is in the room. We call it sleep paralysis now.\n\nThey had a word for it before they had an explanation.\n\nComment SEASONAL and I'll send you the weekly note.\n\nhttps://consider-this.subscribepage.io",
mare-nightstand,HAL-017,instagram,45886,,STAGED,https://database.blotato.io/storage/v1/object/public/public_media/5472a21c-0213-4305-8693-b19295e4d67e/0d48faf3-12cc-4951-a900-e7b208bc006e.mp4,"Nightmare used to name one specific thing.\n\nA mare was a spirit people believed sat on a sleeper's chest. The weight, the not being able to move, the certainty something is in the room. We call it sleep paralysis now.\n\nThey had a word for it before they had an explanation.\n\nComment SEASONAL and I'll send you the weekly note.",
mare-nightstand,HAL-017,tiktok,41488,,STAGED,https://database.blotato.io/storage/v1/object/public/public_media/5472a21c-0213-4305-8693-b19295e4d67e/0d48faf3-12cc-4951-a900-e7b208bc006e.mp4,"Nightmare used to name one specific thing.\n\nA mare was a spirit believed to sit on a sleeper's chest. The weight, the not being able to move. We call it sleep paralysis now.\n\nThey had a word for it before they had an explanation.\n\nFollow for the real one, every season. The note is in my bio.\n\n#LearnOnTikTok #history #etymology",
mare-nightstand,HAL-017,facebook,30840,17:10,STAGED,https://database.blotato.io/storage/v1/object/public/public_media/5472a21c-0213-4305-8693-b19295e4d67e/0d48faf3-12cc-4951-a900-e7b208bc006e.mp4,"Nightmare used to name one specific thing.\n\nA mare was a spirit people believed sat on a sleeper's chest. The weight, the not being able to move, the certainty something is in the room. We call it sleep paralysis now.\n\nThey had a word for it before they had an explanation.\n\nComment SEASONAL and I'll send you the weekly note.\n\nhttps://consider-this.subscribepage.io",
mare-nightstand,HAL-017,youtube,36129,17:20,STAGED,https://database.blotato.io/storage/v1/object/public/public_media/5472a21c-0213-4305-8693-b19295e4d67e/0d48faf3-12cc-4951-a900-e7b208bc006e.mp4,"Nightmare used to name one specific thing.\n\nA mare was a spirit people believed sat on a sleeper's chest. The weight, the not being able to move, the certainty something is in the room. We call it sleep paralysis now.\n\nThey had a word for it before they had an explanation.\n\nComment SEASONAL and I'll send you the weekly note.\n\nhttps://consider-this.subscribepage.io",
mare-rocking,HAL-017,instagram,45886,,STAGED,https://database.blotato.io/storage/v1/object/public/public_media/5472a21c-0213-4305-8693-b19295e4d67e/bf73ffda-5994-4c4f-b60a-10e1344a7ccc.mp4,"Nightmare used to name one specific thing.\n\nA mare was a spirit people believed sat on a sleeper's chest. The weight, the not being able to move, the certainty something is in the room. We call it sleep paralysis now.\n\nThey had a word for it before they had an explanation.\n\nComment SEASONAL and I'll send you the weekly note.",
mare-rocking,HAL-017,tiktok,41488,,STAGED,https://database.blotato.io/storage/v1/object/public/public_media/5472a21c-0213-4305-8693-b19295e4d67e/bf73ffda-5994-4c4f-b60a-10e1344a7ccc.mp4,"Nightmare used to name one specific thing.\n\nA mare was a spirit believed to sit on a sleeper's chest. The weight, the not being able to move. We call it sleep paralysis now.\n\nThey had a word for it before they had an explanation.\n\nFollow for the real one, every season. The note is in my bio.\n\n#LearnOnTikTok #history #etymology",
mare-rocking,HAL-017,facebook,30840,17:10,STAGED,https://database.blotato.io/storage/v1/object/public/public_media/5472a21c-0213-4305-8693-b19295e4d67e/bf73ffda-5994-4c4f-b60a-10e1344a7ccc.mp4,"Nightmare used to name one specific thing.\n\nA mare was a spirit people believed sat on a sleeper's chest. The weight, the not being able to move, the certainty something is in the room. We call it sleep paralysis now.\n\nThey had a word for it before they had an explanation.\n\nComment SEASONAL and I'll send you the weekly note.\n\nhttps://consider-this.subscribepage.io",
mare-rocking,HAL-017,youtube,36129,17:20,STAGED,https://database.blotato.io/storage/v1/object/public/public_media/5472a21c-0213-4305-8693-b19295e4d67e/bf73ffda-5994-4c4f-b60a-10e1344a7ccc.mp4,"Nightmare used to name one specific thing.\n\nA mare was a spirit people believed sat on a sleeper's chest. The weight, the not being able to move, the certainty something is in the room. We call it sleep paralysis now.\n\nThey had a word for it before they had an explanation.\n\nComment SEASONAL and I'll send you the weekly note.\n\nhttps://consider-this.subscribepage.io",
mare-weighted,HAL-017,instagram,45886,,STAGED,https://database.blotato.io/storage/v1/object/public/public_media/5472a21c-0213-4305-8693-b19295e4d67e/55bdef6b-d84e-44d9-bb4b-0fa9097bed6d.mp4,"Nightmare used to name one specific thing.\n\nA mare was a spirit people believed sat on a sleeper's chest. The weight, the not being able to move, the certainty something is in the room. We call it sleep paralysis now.\n\nThey had a word for it before they had an explanation.\n\nComment SEASONAL and I'll send you the weekly note.",
mare-weighted,HAL-017,tiktok,41488,,STAGED,https://database.blotato.io/storage/v1/object/public/public_media/5472a21c-0213-4305-8693-b19295e4d67e/55bdef6b-d84e-44d9-bb4b-0fa9097bed6d.mp4,"Nightmare used to name one specific thing.\n\nA mare was a spirit believed to sit on a sleeper's chest. The weight, the not being able to move. We call it sleep paralysis now.\n\nThey had a word for it before they had an explanation.\n\nFollow for the real one, every season. The note is in my bio.\n\n#LearnOnTikTok #history #etymology",
mare-weighted,HAL-017,facebook,30840,17:10,STAGED,https://database.blotato.io/storage/v1/object/public/public_media/5472a21c-0213-4305-8693-b19295e4d67e/55bdef6b-d84e-44d9-bb4b-0fa9097bed6d.mp4,"Nightmare used to name one specific thing.\n\nA mare was a spirit people believed sat on a sleeper's chest. The weight, the not being able to move, the certainty something is in the room. We call it sleep paralysis now.\n\nThey had a word for it before they had an explanation.\n\nComment SEASONAL and I'll send you the weekly note.\n\nhttps://consider-this.subscribepage.io",
mare-weighted,HAL-017,youtube,36129,17:20,STAGED,https://database.blotato.io/storage/v1/object/public/public_media/5472a21c-0213-4305-8693-b19295e4d67e/55bdef6b-d84e-44d9-bb4b-0fa9097bed6d.mp4,"Nightmare used to name one specific thing.\n\nA mare was a spirit people believed sat on a sleeper's chest. The weight, the not being able to move, the certainty something is in the room. We call it sleep paralysis now.\n\nThey had a word for it before they had an explanation.\n\nComment SEASONAL and I'll send you the weekly note.\n\nhttps://consider-this.subscribepage.io",
nbc-cemetery,HAL-010,instagram,45886,,STAGED,https://database.blotato.io/storage/v1/object/public/public_media/5472a21c-0213-4305-8693-b19295e4d67e/18870ce2-8486-49df-9015-517c70f50602.mp4,Disney would not put its own name on it.\n\nThe Nightmare Before Christmas came out under Touchstone in 1993 because the studio decided it was too dark to carry the Disney label.\n\nThe part they were embarrassed by is the part they sell every October now.\n\nComment SEASONAL and I'll send you the weekly note.,
nbc-cemetery,HAL-010,tiktok,41488,,STAGED,https://database.blotato.io/storage/v1/object/public/public_media/5472a21c-0213-4305-8693-b19295e4d67e/18870ce2-8486-49df-9015-517c70f50602.mp4,"Disney would not put its own name on it.\n\nThe Nightmare Before Christmas came out under Touchstone in 1993 because the studio decided it was too dark for the Disney label.\n\nThe part they were embarrassed by is the part they sell every October.\n\nFollow for the real one, every season. The note is in my bio.\n\n#LearnOnTikTok #halloween #film",
nbc-cemetery,HAL-010,facebook,30840,17:10,STAGED,https://database.blotato.io/storage/v1/object/public/public_media/5472a21c-0213-4305-8693-b19295e4d67e/18870ce2-8486-49df-9015-517c70f50602.mp4,Disney would not put its own name on it.\n\nThe Nightmare Before Christmas came out under Touchstone in 1993 because the studio decided it was too dark to carry the Disney label.\n\nThe part they were embarrassed by is the part they sell every October now.\n\nComment SEASONAL and I'll send you the weekly note.\n\nhttps://consider-this.subscribepage.io,
nbc-cemetery,HAL-010,youtube,36129,17:20,STAGED,https://database.blotato.io/storage/v1/object/public/public_media/5472a21c-0213-4305-8693-b19295e4d67e/18870ce2-8486-49df-9015-517c70f50602.mp4,Disney would not put its own name on it.\n\nThe Nightmare Before Christmas came out under Touchstone in 1993 because the studio decided it was too dark to carry the Disney label.\n\nThe part they were embarrassed by is the part they sell every October now.\n\nComment SEASONAL and I'll send you the weekly note.\n\nhttps://consider-this.subscribepage.io,
nbc-crt,HAL-010,instagram,45886,,STAGED,https://database.blotato.io/storage/v1/object/public/public_media/5472a21c-0213-4305-8693-b19295e4d67e/95bf6cb5-08f6-4d0d-b67d-89142c6c5f73.mp4,Disney would not put its own name on it.\n\nThe Nightmare Before Christmas came out under Touchstone in 1993 because the studio decided it was too dark to carry the Disney label.\n\nThe part they were embarrassed by is the part they sell every October now.\n\nComment SEASONAL and I'll send you the weekly note.,
nbc-crt,HAL-010,tiktok,41488,,STAGED,https://database.blotato.io/storage/v1/object/public/public_media/5472a21c-0213-4305-8693-b19295e4d67e/95bf6cb5-08f6-4d0d-b67d-89142c6c5f73.mp4,"Disney would not put its own name on it.\n\nThe Nightmare Before Christmas came out under Touchstone in 1993 because the studio decided it was too dark for the Disney label.\n\nThe part they were embarrassed by is the part they sell every October.\n\nFollow for the real one, every season. The note is in my bio.\n\n#LearnOnTikTok #halloween #film",
nbc-crt,HAL-010,facebook,30840,17:10,STAGED,https://database.blotato.io/storage/v1/object/public/public_media/5472a21c-0213-4305-8693-b19295e4d67e/95bf6cb5-08f6-4d0d-b67d-89142c6c5f73.mp4,Disney would not put its own name on it.\n\nThe Nightmare Before Christmas came out under Touchstone in 1993 because the studio decided it was too dark to carry the Disney label.\n\nThe part they were embarrassed by is the part they sell every October now.\n\nComment SEASONAL and I'll send you the weekly note.\n\nhttps://consider-this.subscribepage.io,
nbc-crt,HAL-010,youtube,36129,17:20,STAGED,https://database.blotato.io/storage/v1/object/public/public_media/5472a21c-0213-4305-8693-b19295e4d67e/95bf6cb5-08f6-4d0d-b67d-89142c6c5f73.mp4,Disney would not put its own name on it.\n\nThe Nightmare Before Christmas came out under Touchstone in 1993 because the studio decided it was too dark to carry the Disney label.\n\nThe part they were embarrassed by is the part they sell every October now.\n\nComment SEASONAL and I'll send you the weekly note.\n\nhttps://consider-this.subscribepage.io,
nbc-oak,HAL-010,instagram,45886,,STAGED,https://database.blotato.io/storage/v1/object/public/public_media/5472a21c-0213-4305-8693-b19295e4d67e/631c061c-94ce-4685-8630-a154d5d08a3d.mp4,Disney would not put its own name on it.\n\nThe Nightmare Before Christmas came out under Touchstone in 1993 because the studio decided it was too dark to carry the Disney label.\n\nThe part they were embarrassed by is the part they sell every October now.\n\nComment SEASONAL and I'll send you the weekly note.,
nbc-oak,HAL-010,tiktok,41488,,STAGED,https://database.blotato.io/storage/v1/object/public/public_media/5472a21c-0213-4305-8693-b19295e4d67e/631c061c-94ce-4685-8630-a154d5d08a3d.mp4,"Disney would not put its own name on it.\n\nThe Nightmare Before Christmas came out under Touchstone in 1993 because the studio decided it was too dark for the Disney label.\n\nThe part they were embarrassed by is the part they sell every October.\n\nFollow for the real one, every season. The note is in my bio.\n\n#LearnOnTikTok #halloween #film",
nbc-oak,HAL-010,facebook,30840,17:10,STAGED,https://database.blotato.io/storage/v1/object/public/public_media/5472a21c-0213-4305-8693-b19295e4d67e/631c061c-94ce-4685-8630-a154d5d08a3d.mp4,Disney would not put its own name on it.\n\nThe Nightmare Before Christmas came out under Touchstone in 1993 because the studio decided it was too dark to carry the Disney label.\n\nThe part they were embarrassed by is the part they sell every October now.\n\nComment SEASONAL and I'll send you the weekly note.\n\nhttps://consider-this.subscribepage.io,
nbc-oak,HAL-010,youtube,36129,17:20,STAGED,https://database.blotato.io/storage/v1/object/public/public_media/5472a21c-0213-4305-8693-b19295e4d67e/631c061c-94ce-4685-8630-a154d5d08a3d.mp4,Disney would not put its own name on it.\n\nThe Nightmare Before Christmas came out under Touchstone in 1993 because the studio decided it was too dark to carry the Disney label.\n\nThe part they were embarrassed by is the part they sell every October now.\n\nComment SEASONAL and I'll send you the weekly note.\n\nhttps://consider-this.subscribepage.io,
nbc-theater,HAL-010,instagram,45886,,STAGED,https://database.blotato.io/storage/v1/object/public/public_media/5472a21c-0213-4305-8693-b19295e4d67e/b26e6f3a-2267-432d-842c-2ac99b2c1f3b.mp4,Disney would not put its own name on it.\n\nThe Nightmare Before Christmas came out under Touchstone in 1993 because the studio decided it was too dark to carry the Disney label.\n\nThe part they were embarrassed by is the part they sell every October now.\n\nComment SEASONAL and I'll send you the weekly note.,
nbc-theater,HAL-010,tiktok,41488,,STAGED,https://database.blotato.io/storage/v1/object/public/public_media/5472a21c-0213-4305-8693-b19295e4d67e/b26e6f3a-2267-432d-842c-2ac99b2c1f3b.mp4,"Disney would not put its own name on it.\n\nThe Nightmare Before Christmas came out under Touchstone in 1993 because the studio decided it was too dark for the Disney label.\n\nThe part they were embarrassed by is the part they sell every October.\n\nFollow for the real one, every season. The note is in my bio.\n\n#LearnOnTikTok #halloween #film",
nbc-theater,HAL-010,facebook,30840,17:10,STAGED,https://database.blotato.io/storage/v1/object/public/public_media/5472a21c-0213-4305-8693-b19295e4d67e/b26e6f3a-2267-432d-842c-2ac99b2c1f3b.mp4,Disney would not put its own name on it.\n\nThe Nightmare Before Christmas came out under Touchstone in 1993 because the studio decided it was too dark to carry the Disney label.\n\nThe part they were embarrassed by is the part they sell every October now.\n\nComment SEASONAL and I'll send you the weekly note.\n\nhttps://consider-this.subscribepage.io,
nbc-theater,HAL-010,youtube,36129,17:20,STAGED,https://database.blotato.io/storage/v1/object/public/public_media/5472a21c-0213-4305-8693-b19295e4d67e/b26e6f3a-2267-432d-842c-2ac99b2c1f3b.mp4,Disney would not put its own name on it.\n\nThe Nightmare Before Christmas came out under Touchstone in 1993 because the studio decided it was too dark to carry the Disney label.\n\nThe part they were embarrassed by is the part they sell every October now.\n\nComment SEASONAL and I'll send you the weekly note.\n\nhttps://consider-this.subscribepage.io,
samhain,HAL-001,instagram,45886,,STAGED,https://database.blotato.io/storage/v1/object/public/public_media/5472a21c-0213-4305-8693-b19295e4d67e/cb8ece67-05e0-4138-aa55-0b2e702dbe7f.mp4,"Halloween was never about fear.\n\nIt grew out of Samhain, the Gaelic festival marking the end of harvest and the start of winter, when the boundary between this world and the next was believed to thin.\n\nIt was about the year turning, and needing a ritual for the dark half of it.\n\nComment SEASONAL and I'll send you the weekly note.",
samhain,HAL-001,tiktok,41488,,STAGED,https://database.blotato.io/storage/v1/object/public/public_media/5472a21c-0213-4305-8693-b19295e4d67e/cb8ece67-05e0-4138-aa55-0b2e702dbe7f.mp4,"Halloween was never about fear.\n\nIt grew out of Samhain, the festival marking the end of harvest and the start of winter, when the boundary was believed to thin.\n\nIt was about the year turning, and needing a ritual for the dark half of it.\n\nFollow for the real one, every season. The note is in my bio.\n\n#LearnOnTikTok #halloween #samhain",
samhain,HAL-001,facebook,30840,17:10,STAGED,https://database.blotato.io/storage/v1/object/public/public_media/5472a21c-0213-4305-8693-b19295e4d67e/cb8ece67-05e0-4138-aa55-0b2e702dbe7f.mp4,"Halloween was never about fear.\n\nIt grew out of Samhain, the Gaelic festival marking the end of harvest and the start of winter, when the boundary between this world and the next was believed to thin.\n\nIt was about the year turning, and needing a ritual for the dark half of it.\n\nComment SEASONAL and I'll send you the weekly note.\n\nhttps://consider-this.subscribepage.io",
samhain,HAL-001,youtube,36129,17:20,STAGED,https://database.blotato.io/storage/v1/object/public/public_media/5472a21c-0213-4305-8693-b19295e4d67e/cb8ece67-05e0-4138-aa55-0b2e702dbe7f.mp4,"Halloween was never about fear.\n\nIt grew out of Samhain, the Gaelic festival marking the end of harvest and the start of winter, when the boundary between this world and the next was believed to thin.\n\nIt was about the year turning, and needing a ritual for the dark half of it.\n\nComment SEASONAL and I'll send you the weekly note.\n\nhttps://consider-this.subscribepage.io",
snick,HAL-015,instagram,45886,,STAGED,https://database.blotato.io/storage/v1/object/public/public_media/5472a21c-0213-4305-8693-b19295e4d67e/7dbd793c-0fe3-47e5-8efa-a07d0d371c2b.mp4,"Somebody decided children deserved their own night.\n\nNickelodeon launched SNICK in August 1992. 2 hours on a Saturday, programmed entirely for kids, in the slot adults had always owned.\n\nIt worked because it was theirs, not because it was gentle.\n\nComment SEASONAL and I'll send you the weekly note.",
snick,HAL-015,tiktok,41488,,STAGED,https://database.blotato.io/storage/v1/object/public/public_media/5472a21c-0213-4305-8693-b19295e4d67e/7dbd793c-0fe3-47e5-8efa-a07d0d371c2b.mp4,"Somebody decided children deserved their own night.\n\nNickelodeon launched SNICK in August 1992. 2 hours on a Saturday, programmed entirely for kids.\n\nIt worked because it was theirs, not because it was gentle.\n\nFollow for the real one, every season. The note is in my bio.\n\n#LearnOnTikTok #90s #nostalgia",
snick,HAL-015,facebook,30840,17:10,STAGED,https://database.blotato.io/storage/v1/object/public/public_media/5472a21c-0213-4305-8693-b19295e4d67e/7dbd793c-0fe3-47e5-8efa-a07d0d371c2b.mp4,"Somebody decided children deserved their own night.\n\nNickelodeon launched SNICK in August 1992. 2 hours on a Saturday, programmed entirely for kids, in the slot adults had always owned.\n\nIt worked because it was theirs, not because it was gentle.\n\nComment SEASONAL and I'll send you the weekly note.\n\nhttps://consider-this.subscribepage.io",
snick,HAL-015,youtube,36129,17:20,STAGED,https://database.blotato.io/storage/v1/object/public/public_media/5472a21c-0213-4305-8693-b19295e4d67e/7dbd793c-0fe3-47e5-8efa-a07d0d371c2b.mp4,"Somebody decided children deserved their own night.\n\nNickelodeon launched SNICK in August 1992. 2 hours on a Saturday, programmed entirely for kids, in the slot adults had always owned.\n\nIt worked because it was theirs, not because it was gentle.\n\nComment SEASONAL and I'll send you the weekly note.\n\nhttps://consider-this.subscribepage.io",
trailer,TRL,instagram,45886,,NEEDS_CAPTION,https://database.blotato.io/storage/v1/object/public/public_media/5472a21c-0213-4305-8693-b19295e4d67e/7e31c633-425b-420d-b3a5-6545589d1ffa.mp4,,a caption in her voice
trailer,TRL,tiktok,41488,,NEEDS_CAPTION,https://database.blotato.io/storage/v1/object/public/public_media/5472a21c-0213-4305-8693-b19295e4d67e/7e31c633-425b-420d-b3a5-6545589d1ffa.mp4,,a caption in her voice
trailer,TRL,facebook,30840,17:10,NEEDS_CAPTION,https://database.blotato.io/storage/v1/object/public/public_media/5472a21c-0213-4305-8693-b19295e4d67e/7e31c633-425b-420d-b3a5-6545589d1ffa.mp4,,a caption in her voice
trailer,TRL,youtube,36129,17:20,NEEDS_CAPTION,https://database.blotato.io/storage/v1/object/public/public_media/5472a21c-0213-4305-8693-b19295e4d67e/7e31c633-425b-420d-b3a5-6545589d1ffa.mp4,,a caption in her voice
trickortreat,HAL-008,instagram,45886,,STAGED,https://database.blotato.io/storage/v1/object/public/public_media/5472a21c-0213-4305-8693-b19295e4d67e/e3ff6b99-2576-438d-973b-a86376d44dee.mp4,"Trick or treat is younger than jazz.\n\nThe phrase does not turn up in North American print until the 1920s. One of the earliest is a 1927 newspaper in Blackie, Alberta.\n\nThe oldest looking part of the night is the newest thing about it.\n\nComment SEASONAL and I'll send you the weekly note.",
trickortreat,HAL-008,tiktok,41488,,STAGED,https://database.blotato.io/storage/v1/object/public/public_media/5472a21c-0213-4305-8693-b19295e4d67e/e3ff6b99-2576-438d-973b-a86376d44dee.mp4,"Trick or treat is younger than jazz.\n\nThe phrase does not turn up in print until the 1920s. One of the earliest is a 1927 paper in Blackie, Alberta.\n\nThe oldest looking part of the night is the newest thing about it.\n\nFollow for the real one, every season. The note is in my bio.\n\n#LearnOnTikTok #halloween #history",
trickortreat,HAL-008,facebook,30840,17:10,STAGED,https://database.blotato.io/storage/v1/object/public/public_media/5472a21c-0213-4305-8693-b19295e4d67e/e3ff6b99-2576-438d-973b-a86376d44dee.mp4,"Trick or treat is younger than jazz.\n\nThe phrase does not turn up in North American print until the 1920s. One of the earliest is a 1927 newspaper in Blackie, Alberta.\n\nThe oldest looking part of the night is the newest thing about it.\n\nComment SEASONAL and I'll send you the weekly note.\n\nhttps://consider-this.subscribepage.io",
trickortreat,HAL-008,youtube,36129,17:20,STAGED,https://database.blotato.io/storage/v1/object/public/public_media/5472a21c-0213-4305-8693-b19295e4d67e/e3ff6b99-2576-438d-973b-a86376d44dee.mp4,"Trick or treat is younger than jazz.\n\nThe phrase does not turn up in North American print until the 1920s. One of the earliest is a 1927 newspaper in Blackie, Alberta.\n\nThe oldest looking part of the night is the newest thing about it.\n\nComment SEASONAL and I'll send you the weekly note.\n\nhttps://consider-this.subscribepage.io",
turnip,HAL-002,instagram,45886,,STAGED,https://database.blotato.io/storage/v1/object/public/public_media/5472a21c-0213-4305-8693-b19295e4d67e/59c775d0-67f6-4b12-869a-4ef33aa6ece7.mp4,Jack o lanterns were turnips.\n\nIreland and Scotland carved them out of turnips and beets for centuries. Irish immigrants switched to pumpkins in America because they were bigger and easier to hollow out.\n\nThe ritual mattered. The turnip did not.\n\nComment SEASONAL and I'll send you the weekly note.,
turnip,HAL-002,tiktok,41488,,STAGED,https://database.blotato.io/storage/v1/object/public/public_media/5472a21c-0213-4305-8693-b19295e4d67e/59c775d0-67f6-4b12-869a-4ef33aa6ece7.mp4,"Jack o lanterns were turnips.\n\nIreland and Scotland carved turnips and beets for centuries. Irish immigrants switched to pumpkins in America because they were easier to hollow.\n\nThe ritual mattered. The turnip did not.\n\nFollow for the real one, every season. The note is in my bio.\n\n#LearnOnTikTok #halloween #history",
turnip,HAL-002,facebook,30840,17:10,STAGED,https://database.blotato.io/storage/v1/object/public/public_media/5472a21c-0213-4305-8693-b19295e4d67e/59c775d0-67f6-4b12-869a-4ef33aa6ece7.mp4,Jack o lanterns were turnips.\n\nIreland and Scotland carved them out of turnips and beets for centuries. Irish immigrants switched to pumpkins in America because they were bigger and easier to hollow out.\n\nThe ritual mattered. The turnip did not.\n\nComment SEASONAL and I'll send you the weekly note.\n\nhttps://consider-this.subscribepage.io,
turnip,HAL-002,youtube,36129,17:20,STAGED,https://database.blotato.io/storage/v1/object/public/public_media/5472a21c-0213-4305-8693-b19295e4d67e/59c775d0-67f6-4b12-869a-4ef33aa6ece7.mp4,Jack o lanterns were turnips.\n\nIreland and Scotland carved them out of turnips and beets for centuries. Irish immigrants switched to pumpkins in America because they were bigger and easier to hollow out.\n\nThe ritual mattered. The turnip did not.\n\nComment SEASONAL and I'll send you the weekly note.\n\nhttps://consider-this.subscribepage.io,
,BFR-001,,,,NEEDS_RENDER,,,a plate and a render
,BFR-002,,,,NEEDS_RENDER,,,a plate and a render
,BLF-003,,,,NEEDS_RENDER,,,a plate and a render
,BLF-004,,,,NEEDS_RENDER,,,a plate and a render
,BLF-005,,,,NEEDS_RENDER,,,a plate and a render
,DAD-001,,,,NEEDS_RENDER,,,a plate and a render
,DAD-002,,,,NEEDS_RENDER,,,a plate and a render
,DAD-003,,,,NEEDS_RENDER,,,a plate and a render
,DAD-004,,,,NEEDS_RENDER,,,a plate and a render
,DAD-005,,,,NEEDS_RENDER,,,a plate and a render
,EAS-002,,,,NEEDS_RENDER,,,a plate and a render
,EAS-003,,,,NEEDS_RENDER,,,a plate and a render
,EAS-004,,,,NEEDS_RENDER,,,a plate and a render
,EAS-005,,,,NEEDS_RENDER,,,a plate and a render
,EST-001,,,,NEEDS_RENDER,,,a plate and a render
,HAL-009,,,,NEEDS_RENDER,,,a plate and a render
,HAL-013,,,,NEEDS_RENDER,,,a plate and a render
,HAL-016,,,,NEEDS_RENDER,,,a plate and a render
,IND-001,,,,NEEDS_RENDER,,,a plate and a render
,IND-002,,,,NEEDS_RENDER,,,a plate and a render
,JUL-003,,,,NEEDS_RENDER,,,a plate and a render
,JUL-004,,,,NEEDS_RENDER,,,a plate and a render
,JUL-005,,,,NEEDS_RENDER,,,a plate and a render
,JUL-006,,,,NEEDS_RENDER,,,a plate and a render
,JUL-007,,,,NEEDS_RENDER,,,a plate and a render
,LAB-001,,,,NEEDS_RENDER,,,a plate and a render
,LAB-002,,,,NEEDS_RENDER,,,a plate and a render
,LAB-003,,,,NEEDS_RENDER,,,a plate and a render
,LAB-004,,,,NEEDS_RENDER,,,a plate and a render
,LAB-005,,,,NEEDS_RENDER,,,a plate and a render
,MEM-001,,,,NEEDS_RENDER,,,a plate and a render
,MEM-002,,,,NEEDS_RENDER,,,a plate and a render
,MEM-003,,,,NEEDS_RENDER,,,a plate and a render
,MEM-004,,,,NEEDS_RENDER,,,a plate and a render
,MOM-001,,,,NEEDS_RENDER,,,a plate and a render
,MOM-002,,,,NEEDS_RENDER,,,a plate and a render
,MOM-003,,,,NEEDS_RENDER,,,a plate and a render
,MOM-004,,,,NEEDS_RENDER,,,a plate and a render
,MOM-005,,,,NEEDS_RENDER,,,a plate and a render
,NYD-002,,,,NEEDS_RENDER,,,a plate and a render
,NYD-003,,,,NEEDS_RENDER,,,a plate and a render
,NYD-004,,,,NEEDS_RENDER,,,a plate and a render
,NYD-005,,,,NEEDS_RENDER,,,a plate and a render
,NYD-006,,,,NEEDS_RENDER,,,a plate and a render
,NYE-003,,,,NEEDS_RENDER,,,a plate and a render
,NYE-004,,,,NEEDS_RENDER,,,a plate and a render
,NYE-005,,,,NEEDS_RENDER,,,a plate and a render
,NYR-001,,,,NEEDS_RENDER,,,a plate and a render
,NYR-002,,,,NEEDS_RENDER,,,a plate and a render
,NYR-003,,,,NEEDS_RENDER,,,a plate and a render
,STP-001,,,,NEEDS_RENDER,,,a plate and a render
,STP-002,,,,NEEDS_RENDER,,,a plate and a render
,STP-003,,,,NEEDS_RENDER,,,a plate and a render
,STP-004,,,,NEEDS_RENDER,,,a plate and a render
,STP-005,,,,NEEDS_RENDER,,,a plate and a render
,STP-006,,,,NEEDS_RENDER,,,a plate and a render
,STP-007,,,,NEEDS_RENDER,,,a plate and a render
,THX-001,,,,NEEDS_RENDER,,,a plate and a render
,THX-002,,,,NEEDS_RENDER,,,a plate and a render
,THX-003,,,,NEEDS_RENDER,,,a plate and a render
,THX-004,,,,NEEDS_RENDER,,,a plate and a render
,THX-005,,,,NEEDS_RENDER,,,a plate and a render
,THX-006,,,,NEEDS_RENDER,,,a plate and a render
,THX-007,,,,NEEDS_RENDER,,,a plate and a render
,THX-008,,,,NEEDS_RENDER,,,a plate and a render
,VAL-001,,,,NEEDS_RENDER,,,a plate and a render
,VAL-002,,,,NEEDS_RENDER,,,a plate and a render
,VAL-003,,,,NEEDS_RENDER,,,a plate and a render
,VAL-004,,,,NEEDS_RENDER,,,a plate and a render
,VAL-005,,,,NEEDS_RENDER,,,a plate and a render
,VAL-006,,,,NEEDS_RENDER,,,a plate and a render
,VAL-007,,,,NEEDS_RENDER,,,a plate and a render
,VAL-008,,,,NEEDS_RENDER,,,a plate and a render
,XMS-001,,,,NEEDS_RENDER,,,a plate and a render
,XMS-002,,,,NEEDS_RENDER,,,a plate and a render
,XMS-003,,,,NEEDS_RENDER,,,a plate and a render
,XMS-004,,,,NEEDS_RENDER,,,a plate and a render
,XMS-005,,,,NEEDS_RENDER,,,a plate and a render
,XMS-006,,,,NEEDS_RENDER,,,a plate and a render
,XMS-007,,,,NEEDS_RENDER,,,a plate and a render
,XMS-008,,,,NEEDS_RENDER,,,a plate and a render
,XMS-009,,,,NEEDS_RENDER,,,a plate and a render
,XMS-010,,,,NEEDS_RENDER,,,a plate and a render
,XMS-011,,,,NEEDS_RENDER,,,a plate and a render
,XMS-012,,,,NEEDS_RENDER,,,a plate and a render
,XMS-013,,,,NEEDS_RENDER,,,a plate and a render
,XMS-014,,,,NEEDS_RENDER,,,a plate and a render
,XMS-015,,,,NEEDS_RENDER,,,a plate and a render
trackA-hal-003,HAL-003,instagram,45886,,STAGED,https://database.blotato.io/storage/v1/object/public/public_media/5472a21c-0213-4305-8693-b19295e4d67e/d135e026-db63-432e-8f91-4613e186b251.mp4,"Nobody was burned at Salem.

20 people were executed in 1692. 19 were hanged. The 20th, Giles Corey, was pressed to death under stones for refusing to enter a plea.

The burning is the detail everyone repeats, and it is the one detail that is wrong. It comes from Europe, where burning was the sentence, and it got attached to Salem on the way over.

Worth asking what else you are repeating.

Comment SEASONAL and I'll send you the weekly note.",
trackA-hal-003,HAL-003,tiktok,41488,,STAGED,https://database.blotato.io/storage/v1/object/public/public_media/5472a21c-0213-4305-8693-b19295e4d67e/d135e026-db63-432e-8f91-4613e186b251.mp4,"Nobody was burned at Salem.

20 people were executed in 1692. 19 hanged. Giles Corey was pressed to death under stones.

The burning is the detail everyone repeats, and it is the one that is wrong.

Worth asking what else you are repeating.

Follow for the real one, every season. The note is in my bio.

#LearnOnTikTok #halloween #history",
trackA-hal-003,HAL-003,facebook,30840,,STAGED,https://database.blotato.io/storage/v1/object/public/public_media/5472a21c-0213-4305-8693-b19295e4d67e/d135e026-db63-432e-8f91-4613e186b251.mp4,"Nobody was burned at Salem.

20 people were executed in 1692. 19 were hanged. The 20th, Giles Corey, was pressed to death under stones for refusing to enter a plea.

The burning is the detail everyone repeats, and it is the one detail that is wrong. It comes from Europe, where burning was the sentence, and it got attached to Salem on the way over.

Worth asking what else you are repeating.

Comment SEASONAL and I'll send you the weekly note.

https://consider-this.subscribepage.io",
trackA-hal-003,HAL-003,youtube,36129,,STAGED,https://database.blotato.io/storage/v1/object/public/public_media/5472a21c-0213-4305-8693-b19295e4d67e/d135e026-db63-432e-8f91-4613e186b251.mp4,"Nobody was burned at Salem.

20 people were executed in 1692. 19 were hanged. The 20th, Giles Corey, was pressed to death under stones for refusing to enter a plea.

The burning is the detail everyone repeats, and it is the one detail that is wrong. It comes from Europe, where burning was the sentence, and it got attached to Salem on the way over.

Worth asking what else you are repeating.

Comment SEASONAL and I'll send you the weekly note.

https://consider-this.subscribepage.io",
trackA-hal-004,HAL-004,instagram,45886,,STAGED,https://database.blotato.io/storage/v1/object/public/public_media/5472a21c-0213-4305-8693-b19295e4d67e/61382cad-b1e8-4107-a772-9de73c36ced3.mp4,"She was 18.

Mary Shelley started Frankenstein in the summer of 1816, the year without a summer. Ash from Tambora, a volcano on the other side of the world, kept Europe under cloud and the group at the lake indoors.

Bad weather, nowhere to go, nothing going right. She invented a genre anyway.

The conditions were never the requirement.

Comment SEASONAL and I'll send you the weekly note.",
trackA-hal-004,HAL-004,tiktok,41488,,STAGED,https://database.blotato.io/storage/v1/object/public/public_media/5472a21c-0213-4305-8693-b19295e4d67e/61382cad-b1e8-4107-a772-9de73c36ced3.mp4,"She was 18.

Mary Shelley started Frankenstein in 1816, the year without a summer. A volcano on the other side of the world kept Europe under cloud.

Stuck indoors, bad weather, nothing going right. She invented a genre anyway.

The conditions were never the requirement.

Follow for the real one, every season. The note is in my bio.

#LearnOnTikTok #halloween #history",
trackA-hal-004,HAL-004,facebook,30840,,STAGED,https://database.blotato.io/storage/v1/object/public/public_media/5472a21c-0213-4305-8693-b19295e4d67e/61382cad-b1e8-4107-a772-9de73c36ced3.mp4,"She was 18.

Mary Shelley started Frankenstein in the summer of 1816, the year without a summer. Ash from Tambora, a volcano on the other side of the world, kept Europe under cloud and the group at the lake indoors.

Bad weather, nowhere to go, nothing going right. She invented a genre anyway.

The conditions were never the requirement.

Comment SEASONAL and I'll send you the weekly note.

https://consider-this.subscribepage.io",
trackA-hal-004,HAL-004,youtube,36129,,STAGED,https://database.blotato.io/storage/v1/object/public/public_media/5472a21c-0213-4305-8693-b19295e4d67e/61382cad-b1e8-4107-a772-9de73c36ced3.mp4,"She was 18.

Mary Shelley started Frankenstein in the summer of 1816, the year without a summer. Ash from Tambora, a volcano on the other side of the world, kept Europe under cloud and the group at the lake indoors.

Bad weather, nowhere to go, nothing going right. She invented a genre anyway.

The conditions were never the requirement.

Comment SEASONAL and I'll send you the weekly note.

https://consider-this.subscribepage.io",
trackA-hal-006,HAL-006,instagram,45886,,STAGED,https://database.blotato.io/storage/v1/object/public/public_media/5472a21c-0213-4305-8693-b19295e4d67e/4b3c1214-d19b-42ca-b959-a5e6715aadda.mp4,"The witch trials were not medieval.

The worst of them ran through the 1500s and 1600s. The same years as the printing press spreading across Europe and the beginnings of modern science.

Progress and panic were not separate eras. They ran side by side, in the same rooms, often in the same books.

They usually do.

Comment SEASONAL and I'll send you the weekly note.",
trackA-hal-006,HAL-006,tiktok,41488,,STAGED,https://database.blotato.io/storage/v1/object/public/public_media/5472a21c-0213-4305-8693-b19295e4d67e/4b3c1214-d19b-42ca-b959-a5e6715aadda.mp4,"The witch trials were not medieval.

The worst ran through the 1500s and 1600s. The same years as the printing press and the beginnings of modern science.

Progress and panic were not separate eras. They ran side by side.

They usually do.

Follow for the real one, every season. The note is in my bio.

#LearnOnTikTok #history #witchtok",
trackA-hal-006,HAL-006,facebook,30840,,STAGED,https://database.blotato.io/storage/v1/object/public/public_media/5472a21c-0213-4305-8693-b19295e4d67e/4b3c1214-d19b-42ca-b959-a5e6715aadda.mp4,"The witch trials were not medieval.

The worst of them ran through the 1500s and 1600s. The same years as the printing press spreading across Europe and the beginnings of modern science.

Progress and panic were not separate eras. They ran side by side, in the same rooms, often in the same books.

They usually do.

Comment SEASONAL and I'll send you the weekly note.

https://consider-this.subscribepage.io",
trackA-hal-006,HAL-006,youtube,36129,,STAGED,https://database.blotato.io/storage/v1/object/public/public_media/5472a21c-0213-4305-8693-b19295e4d67e/4b3c1214-d19b-42ca-b959-a5e6715aadda.mp4,"The witch trials were not medieval.

The worst of them ran through the 1500s and 1600s. The same years as the printing press spreading across Europe and the beginnings of modern science.

Progress and panic were not separate eras. They ran side by side, in the same rooms, often in the same books.

They usually do.

Comment SEASONAL and I'll send you the weekly note.

https://consider-this.subscribepage.io",
trackA-hal-007,HAL-007,instagram,45886,,STAGED,https://database.blotato.io/storage/v1/object/public/public_media/5472a21c-0213-4305-8693-b19295e4d67e/2acb99e6-c069-4ece-980d-9ed0569ca477.mp4,"The panic was a story about a story.

In 1938 Orson Welles read War of the Worlds on the radio and America supposedly lost its mind. It did not. The audience that night was small, and researchers who went back to the ratings found no evidence of mass hysteria.

Newspapers were losing advertising to radio and had every reason to make radio look dangerous.

So they wrote the panic.

Comment SEASONAL and I'll send you the weekly note.",
trackA-hal-007,HAL-007,tiktok,41488,,STAGED,https://database.blotato.io/storage/v1/object/public/public_media/5472a21c-0213-4305-8693-b19295e4d67e/2acb99e6-c069-4ece-980d-9ed0569ca477.mp4,"The panic was a story about a story.

In 1938 Orson Welles read War of the Worlds on the radio. America supposedly lost its mind. It did not. The audience was small.

Newspapers were losing ad money to radio and had every reason to make radio look dangerous.

So they wrote the panic.

Follow for the real one, every season. The note is in my bio.

#LearnOnTikTok #history #radio",
trackA-hal-007,HAL-007,facebook,30840,,STAGED,https://database.blotato.io/storage/v1/object/public/public_media/5472a21c-0213-4305-8693-b19295e4d67e/2acb99e6-c069-4ece-980d-9ed0569ca477.mp4,"The panic was a story about a story.

In 1938 Orson Welles read War of the Worlds on the radio and America supposedly lost its mind. It did not. The audience that night was small, and researchers who went back to the ratings found no evidence of mass hysteria.

Newspapers were losing advertising to radio and had every reason to make radio look dangerous.

So they wrote the panic.

Comment SEASONAL and I'll send you the weekly note.

https://consider-this.subscribepage.io",
trackA-hal-007,HAL-007,youtube,36129,,STAGED,https://database.blotato.io/storage/v1/object/public/public_media/5472a21c-0213-4305-8693-b19295e4d67e/2acb99e6-c069-4ece-980d-9ed0569ca477.mp4,"The panic was a story about a story.

In 1938 Orson Welles read War of the Worlds on the radio and America supposedly lost its mind. It did not. The audience that night was small, and researchers who went back to the ratings found no evidence of mass hysteria.

Newspapers were losing advertising to radio and had every reason to make radio look dangerous.

So they wrote the panic.

Comment SEASONAL and I'll send you the weekly note.

https://consider-this.subscribepage.io",
trackA-hal-020,HAL-020,instagram,45886,,STAGED,https://database.blotato.io/storage/v1/object/public/public_media/5472a21c-0213-4305-8693-b19295e4d67e/1c247fa9-edeb-48aa-a2fe-298efe46722e.mp4,"Not 1 confirmed case.

No child has ever been killed by a stranger's poisoned Halloween candy. Joel Best, a sociologist at the University of Delaware, has tracked every reported case since 1958. None of them hold up.

The fear rewrote how a generation of parents ran the night. Hospitals x-rayed candy. Neighbourhoods went quiet.

A fear that changed how a country parents has nothing behind it.

Comment SEASONAL and I'll send you the weekly note.",
trackA-hal-020,HAL-020,tiktok,41488,,STAGED,https://database.blotato.io/storage/v1/object/public/public_media/5472a21c-0213-4305-8693-b19295e4d67e/1c247fa9-edeb-48aa-a2fe-298efe46722e.mp4,"Not 1 confirmed case.

No child has been killed by a stranger's poisoned Halloween candy. A sociologist named Joel Best has tracked every report since 1958. None of them hold up.

A fear that changed how a country parents has nothing behind it.

Follow for the real one, every season. The note is in my bio.

#LearnOnTikTok #halloween #history",
trackA-hal-020,HAL-020,facebook,30840,,STAGED,https://database.blotato.io/storage/v1/object/public/public_media/5472a21c-0213-4305-8693-b19295e4d67e/1c247fa9-edeb-48aa-a2fe-298efe46722e.mp4,"Not 1 confirmed case.

No child has ever been killed by a stranger's poisoned Halloween candy. Joel Best, a sociologist at the University of Delaware, has tracked every reported case since 1958. None of them hold up.

The fear rewrote how a generation of parents ran the night. Hospitals x-rayed candy. Neighbourhoods went quiet.

A fear that changed how a country parents has nothing behind it.

Comment SEASONAL and I'll send you the weekly note.

https://consider-this.subscribepage.io",
trackA-hal-020,HAL-020,youtube,36129,,STAGED,https://database.blotato.io/storage/v1/object/public/public_media/5472a21c-0213-4305-8693-b19295e4d67e/1c247fa9-edeb-48aa-a2fe-298efe46722e.mp4,"Not 1 confirmed case.

No child has ever been killed by a stranger's poisoned Halloween candy. Joel Best, a sociologist at the University of Delaware, has tracked every reported case since 1958. None of them hold up.

The fear rewrote how a generation of parents ran the night. Hospitals x-rayed candy. Neighbourhoods went quiet.

A fear that changed how a country parents has nothing behind it.

Comment SEASONAL and I'll send you the weekly note.

https://consider-this.subscribepage.io",
